:START_ID(User),:END_ID(Action),:TYPE,address,order,timestamp,type
User0,Action458119,NEXT_STEP,0xF96Adc5055ad4Bf0818edaEfd13C6a6d88021754,0,1676282279,primary
User1,Action458119,NEXT_STEP,0x7e094e7a713d545822Ecf8A02ADdcb51Dd500eB1,0,1673833931,primary
User2,Action458119,NEXT_STEP,0xe04d779b643DF2e4015450DB71E77a1cBFFf6817,0,1674577535,primary
User3,Action458119,NEXT_STEP,0x8eB0b86Af71Ac159D8E376192D8BB6a731779206,0,1676520431,primary
User4,Action458119,NEXT_STEP,0xe19825e5E4804CE447Cc695971b92603137C614f,0,1674971699,primary
User5,Action458115,NEXT_STEP,0x6B3f825085438625749eE4dF91cC683c107658DE,0,1677122459,primary
User6,Action458134,NEXT_STEP,0x2E4548FbBE0a308176eC263E6AeD5dCECdA7B460,0,1675272347,primary
User7,Action458223,NEXT_STEP,0xF2B91b26F0380C526144580CddA7a316E8223daD,0,1677390431,primary
User8,Action458119,NEXT_STEP,0x26A844968A2Cc0a204f4a59c2944109587DF6fA7,0,1676080799,primary
User9,Action458119,NEXT_STEP,0xBbe0252Bc2Ae7508549805FeD9443C3F1CEfC235,0,1672875731,primary
User10,Action458117,NEXT_STEP,0x24eb6e9356b096cFF22414d5413bEA4111E5f171,0,1674587171,secondary
User11,Action458119,NEXT_STEP,0xddd9E74703eE3dFA959c94B2e591Ed9349939a32,0,1676275607,primary
User12,Action458119,NEXT_STEP,0xAFe2ddF627A75465dE8ae39c327Bb0691be09B65,0,1674221627,primary
User13,Action458119,NEXT_STEP,0xCde4DF56Cc96EAF90d5246D0E3c27B0c1174cc15,0,1676941187,primary
User14,Action458119,NEXT_STEP,0x6C20f11FbABb600866708137C566a8870124db72,0,1674725099,primary
User15,Action458134,NEXT_STEP,0xc725c014BCc978e1d15aB76aaE7DDd03BbB99681,0,1672777475,primary
User16,Action458119,NEXT_STEP,0x0d64113b7e1a6c0BFfDb46095547815b22B969aF,0,1675782539,primary
User17,Action458134,NEXT_STEP,0xB70Cf81f15658DfB34df48b2f6E48e58d7015034,0,1677483311,primary
User18,Action458119,NEXT_STEP,0xCb96161039F0438A606c6172516B31001b377EF4,0,1673840867,primary
User19,Action458136,NEXT_STEP,0xa4711AEdCBA8527e7F00C22bA7934420A8dC41d5,0,1673786927,primary
User20,Action458119,NEXT_STEP,0x05f51de33bD21abD4172634eDDC78c8884212033,0,1675039367,primary
User21,Action458115,NEXT_STEP,0x68894A7e354B6B184d62aEc8Cb48f05202e5E4c2,0,1676147495,primary
User23,Action458119,NEXT_STEP,0x7F6dFd48E5585A0984A7D4f3eF3966dD4c6bD849,0,1674631199,primary
User24,Action458119,NEXT_STEP,0x1878a187b0046feee03433C01c15fd77ACf475D3,0,1675495691,primary
User25,Action458119,NEXT_STEP,0x1eBf52Df3Beb21E22A84DcD28FB35453348fE896,0,1674505367,primary
User26,Action458138,NEXT_STEP,0x8b65FF74d2f1d9b31D647c7719895e50DeeEda69,0,1672749383,primary
User27,Action458119,NEXT_STEP,0x8520d229f90993032973f6cB6bF83562FAcAb15E,0,1674926687,primary
User28,Action458119,NEXT_STEP,0x0b6744f0f15E6254406c6419182d57A22DbBc788,0,1677382307,primary
User29,Action458119,NEXT_STEP,0xd44ADb373f6aa592Edd86c8B20cd393672B9B55F,0,1676417987,primary
User30,Action458115,NEXT_STEP,0x1ACd7c5E5f07d151dBde900FfB1c02492034A730,0,1674036011,primary
User31,Action458119,NEXT_STEP,0x190f6e6E25e2cDc448894372e29B9a4CCE92F793,0,1677317327,primary
User32,Action458119,NEXT_STEP,0x71Dcfc8A058B78D32fDB2F4Aa33f662EB5374AFF,0,1675295423,primary
User33,Action458119,NEXT_STEP,0x5aB37B6a89cDa52524936C6AD64e2474D3E5452D,0,1675311335,primary
User34,Action458119,NEXT_STEP,0x496D94e31776122d1aBF412E6a1fdBFe92C31b17,0,1675018127,primary
User35,Action458119,NEXT_STEP,0x3e0537982aa8ae8253ff136C898A04F5e346Ba5B,0,1676227823,primary
User36,Action458119,NEXT_STEP,0xea47e693e8D51d5918f7614D6F5064CE90AdD527,0,1676283899,primary
User38,Action458119,NEXT_STEP,0x2b24337A5ab26E66c194702D43c0d88fEBba80D8,0,1673186099,primary
User39,Action458119,NEXT_STEP,0xB63860B65Bbe8995E104036394Ede3B95E29B394,0,1676504075,primary
User40,Action458138,NEXT_STEP,0x0b33d609043fD4a99f656993884D6867BeAE77E7,0,1672772651,primary
User41,Action458119,NEXT_STEP,0x3Ad0452bED4C54F1f8dfef82bA64a03F22cBF271,0,1676414627,primary
User42,Action458119,NEXT_STEP,0x6D3eb30103439c49eD2355369DaC1D7fc54244EA,0,1675448831,primary
User43,Action458119,NEXT_STEP,0x951802e544Ed6a277874B45A61FfCC668c0e80A0,0,1673225687,primary
User45,Action458119,NEXT_STEP,0xe6080c5F2ccCc4923f8079FbA2828Be848d8901e,0,1675015415,primary
User46,Action458119,NEXT_STEP,0x8768EA1eb535D5379eB6e21204FBcdb8D15CaB68,0,1676687015,primary
User47,Action458119,NEXT_STEP,0xFb3A25be6eCB88A1Db250798676FF16169A38D06,0,1674358355,primary
User48,Action458119,NEXT_STEP,0xF8f961B0364261a258Ae1ceD3F9C93381bab4ADE,0,1675174343,primary
User49,Action458215,NEXT_STEP,0xCdE7745B6B31bCD0a4374D8047e4B8Dff90F1D86,0,1677174119,primary
User50,Action458802,NEXT_STEP,0x331FBEaBe4c887E3dbc5baE0673537377319f628,0,1673769731,primary
User51,Action458119,NEXT_STEP,0xa777cf52F7423Ca76582089e6705EC5608F8360C,0,1674713195,primary
User52,Action458119,NEXT_STEP,0xD94fb9394DBF776A292631a537CD2D80b7Be9481,0,1674147419,primary
