:START_ID(Action),:END_ID(Action),:TYPE,address,order,timestamp,type
Action458119,Action461971,NEXT_STEP,0xF96Adc5055ad4Bf0818edaEfd13C6a6d88021754,1,1676282279,primary
Action461971,Action458133,NEXT_STEP,0xF96Adc5055ad4Bf0818edaEfd13C6a6d88021754,2,1676282279,primary
Action458133,Action458119,NEXT_STEP,0xF96Adc5055ad4Bf0818edaEfd13C6a6d88021754,3,1676373539,primary
Action458119,Action461971,NEXT_STEP,0xF96Adc5055ad4Bf0818edaEfd13C6a6d88021754,4,1676373539,primary
Action461971,Action458133,NEXT_STEP,0xF96Adc5055ad4Bf0818edaEfd13C6a6d88021754,5,1676373539,primary
Action458133,Action458121,NEXT_STEP,0xF96Adc5055ad4Bf0818edaEfd13C6a6d88021754,6,1676373539,primary
Action458119,Action458150,NEXT_STEP,0x7e094e7a713d545822Ecf8A02ADdcb51Dd500eB1,1,1673833931,primary
Action458150,Action458133,NEXT_STEP,0x7e094e7a713d545822Ecf8A02ADdcb51Dd500eB1,2,1673833931,primary
Action458119,Action458119,NEXT_STEP,0xe04d779b643DF2e4015450DB71E77a1cBFFf6817,1,1674577535,primary
Action458119,Action458133,NEXT_STEP,0xe04d779b643DF2e4015450DB71E77a1cBFFf6817,2,1674577535,primary
Action458133,Action458131,NEXT_STEP,0xe04d779b643DF2e4015450DB71E77a1cBFFf6817,3,1674577535,primary
Action458131,Action458208,NEXT_STEP,0xe04d779b643DF2e4015450DB71E77a1cBFFf6817,4,1674577535,primary
Action458119,Action461971,NEXT_STEP,0x8eB0b86Af71Ac159D8E376192D8BB6a731779206,1,1676520431,primary
Action461971,Action458133,NEXT_STEP,0x8eB0b86Af71Ac159D8E376192D8BB6a731779206,2,1676520431,primary
Action458133,Action458121,NEXT_STEP,0x8eB0b86Af71Ac159D8E376192D8BB6a731779206,3,1676520431,primary
Action458119,Action458150,NEXT_STEP,0xe19825e5E4804CE447Cc695971b92603137C614f,1,1674971699,primary
Action458150,Action458119,NEXT_STEP,0xe19825e5E4804CE447Cc695971b92603137C614f,2,1674971699,primary
Action458119,Action458133,NEXT_STEP,0xe19825e5E4804CE447Cc695971b92603137C614f,3,1674971699,primary
Action458133,Action458119,NEXT_STEP,0xe19825e5E4804CE447Cc695971b92603137C614f,4,1674973883,primary
Action458119,Action458150,NEXT_STEP,0xe19825e5E4804CE447Cc695971b92603137C614f,5,1674973883,primary
Action458150,Action458119,NEXT_STEP,0xe19825e5E4804CE447Cc695971b92603137C614f,6,1674973883,primary
Action458119,Action458133,NEXT_STEP,0xe19825e5E4804CE447Cc695971b92603137C614f,7,1674973883,primary
Action458133,Action458119,NEXT_STEP,0xe19825e5E4804CE447Cc695971b92603137C614f,8,1674974087,primary
Action458119,Action458150,NEXT_STEP,0xe19825e5E4804CE447Cc695971b92603137C614f,9,1674974087,primary
Action458150,Action458119,NEXT_STEP,0xe19825e5E4804CE447Cc695971b92603137C614f,10,1674974087,primary
Action458119,Action458133,NEXT_STEP,0xe19825e5E4804CE447Cc695971b92603137C614f,11,1674974087,primary
Action458133,Action458119,NEXT_STEP,0xe19825e5E4804CE447Cc695971b92603137C614f,12,1675005287,primary
Action458119,Action458119,NEXT_STEP,0xe19825e5E4804CE447Cc695971b92603137C614f,13,1675005287,primary
Action458119,Action458115,NEXT_STEP,0xe19825e5E4804CE447Cc695971b92603137C614f,14,1675005287,primary
Action458115,Action458150,NEXT_STEP,0xe19825e5E4804CE447Cc695971b92603137C614f,15,1675005287,primary
Action458150,Action458135,NEXT_STEP,0xe19825e5E4804CE447Cc695971b92603137C614f,16,1675005287,primary
Action458135,Action458119,NEXT_STEP,0xe19825e5E4804CE447Cc695971b92603137C614f,17,1675007411,primary
Action458119,Action458150,NEXT_STEP,0xe19825e5E4804CE447Cc695971b92603137C614f,18,1675007411,primary
Action458150,Action458119,NEXT_STEP,0xe19825e5E4804CE447Cc695971b92603137C614f,19,1675007411,primary
Action458119,Action458133,NEXT_STEP,0xe19825e5E4804CE447Cc695971b92603137C614f,20,1675007411,primary
Action458133,Action458119,NEXT_STEP,0xe19825e5E4804CE447Cc695971b92603137C614f,21,1675007627,primary
Action458119,Action458150,NEXT_STEP,0xe19825e5E4804CE447Cc695971b92603137C614f,22,1675007627,primary
Action458150,Action458119,NEXT_STEP,0xe19825e5E4804CE447Cc695971b92603137C614f,23,1675007627,primary
Action458119,Action458133,NEXT_STEP,0xe19825e5E4804CE447Cc695971b92603137C614f,24,1675007627,primary
Action458133,Action458119,NEXT_STEP,0xe19825e5E4804CE447Cc695971b92603137C614f,25,1675061243,primary
Action458119,Action458150,NEXT_STEP,0xe19825e5E4804CE447Cc695971b92603137C614f,26,1675061243,primary
Action458150,Action458119,NEXT_STEP,0xe19825e5E4804CE447Cc695971b92603137C614f,27,1675061243,primary
Action458119,Action458133,NEXT_STEP,0xe19825e5E4804CE447Cc695971b92603137C614f,28,1675061243,primary
Action458133,Action458119,NEXT_STEP,0xe19825e5E4804CE447Cc695971b92603137C614f,29,1675208567,primary
Action458119,Action458150,NEXT_STEP,0xe19825e5E4804CE447Cc695971b92603137C614f,30,1675208567,primary
Action458150,Action458119,NEXT_STEP,0xe19825e5E4804CE447Cc695971b92603137C614f,31,1675208567,primary
Action458119,Action458133,NEXT_STEP,0xe19825e5E4804CE447Cc695971b92603137C614f,32,1675208567,primary
Action458133,Action458119,NEXT_STEP,0xe19825e5E4804CE447Cc695971b92603137C614f,33,1675208639,primary
Action458119,Action458150,NEXT_STEP,0xe19825e5E4804CE447Cc695971b92603137C614f,34,1675208639,primary
Action458150,Action458119,NEXT_STEP,0xe19825e5E4804CE447Cc695971b92603137C614f,35,1675208639,primary
Action458119,Action458133,NEXT_STEP,0xe19825e5E4804CE447Cc695971b92603137C614f,36,1675208639,primary
Action458133,Action458119,NEXT_STEP,0xe19825e5E4804CE447Cc695971b92603137C614f,37,1675209551,primary
Action458119,Action458150,NEXT_STEP,0xe19825e5E4804CE447Cc695971b92603137C614f,38,1675209551,primary
Action458150,Action458119,NEXT_STEP,0xe19825e5E4804CE447Cc695971b92603137C614f,39,1675209551,primary
Action458119,Action458133,NEXT_STEP,0xe19825e5E4804CE447Cc695971b92603137C614f,40,1675209551,primary
Action458133,Action458119,NEXT_STEP,0xe19825e5E4804CE447Cc695971b92603137C614f,41,1675318343,primary
Action458119,Action458150,NEXT_STEP,0xe19825e5E4804CE447Cc695971b92603137C614f,42,1675318343,primary
Action458150,Action458119,NEXT_STEP,0xe19825e5E4804CE447Cc695971b92603137C614f,43,1675318343,primary
Action458119,Action458133,NEXT_STEP,0xe19825e5E4804CE447Cc695971b92603137C614f,44,1675318343,primary
Action458133,Action458119,NEXT_STEP,0xe19825e5E4804CE447Cc695971b92603137C614f,45,1675318367,primary
Action458119,Action458150,NEXT_STEP,0xe19825e5E4804CE447Cc695971b92603137C614f,46,1675318367,primary
Action458150,Action458119,NEXT_STEP,0xe19825e5E4804CE447Cc695971b92603137C614f,47,1675318367,primary
Action458119,Action458133,NEXT_STEP,0xe19825e5E4804CE447Cc695971b92603137C614f,48,1675318367,primary
Action458133,Action458115,NEXT_STEP,0xe19825e5E4804CE447Cc695971b92603137C614f,49,1675318763,primary
Action458115,Action458115,NEXT_STEP,0xe19825e5E4804CE447Cc695971b92603137C614f,50,1675318763,primary
Action458115,Action458119,NEXT_STEP,0xe19825e5E4804CE447Cc695971b92603137C614f,51,1675318763,primary
Action458119,Action458119,NEXT_STEP,0xe19825e5E4804CE447Cc695971b92603137C614f,52,1675318763,primary
Action458119,Action458115,NEXT_STEP,0xe19825e5E4804CE447Cc695971b92603137C614f,53,1675318763,primary
Action458115,Action458115,NEXT_STEP,0xe19825e5E4804CE447Cc695971b92603137C614f,54,1675318763,primary
Action458115,Action458133,NEXT_STEP,0xe19825e5E4804CE447Cc695971b92603137C614f,55,1675318763,primary
Action458133,Action458119,NEXT_STEP,0xe19825e5E4804CE447Cc695971b92603137C614f,56,1675373915,primary
Action458119,Action458150,NEXT_STEP,0xe19825e5E4804CE447Cc695971b92603137C614f,57,1675373915,primary
Action458150,Action458119,NEXT_STEP,0xe19825e5E4804CE447Cc695971b92603137C614f,58,1675373915,primary
Action458119,Action458133,NEXT_STEP,0xe19825e5E4804CE447Cc695971b92603137C614f,59,1675373915,primary
Action458133,Action458119,NEXT_STEP,0xe19825e5E4804CE447Cc695971b92603137C614f,60,1675477907,primary
Action458119,Action458115,NEXT_STEP,0xe19825e5E4804CE447Cc695971b92603137C614f,61,1675477907,primary
Action458115,Action458133,NEXT_STEP,0xe19825e5E4804CE447Cc695971b92603137C614f,62,1675477907,primary
Action458133,Action458121,NEXT_STEP,0xe19825e5E4804CE447Cc695971b92603137C614f,63,1675477907,primary
Action458121,Action458232,NEXT_STEP,0xe19825e5E4804CE447Cc695971b92603137C614f,64,1675477907,primary
Action458232,Action458119,NEXT_STEP,0xe19825e5E4804CE447Cc695971b92603137C614f,65,1675548947,primary
Action458119,Action458150,NEXT_STEP,0xe19825e5E4804CE447Cc695971b92603137C614f,66,1675548947,primary
Action458150,Action458119,NEXT_STEP,0xe19825e5E4804CE447Cc695971b92603137C614f,67,1675548947,primary
Action458119,Action458133,NEXT_STEP,0xe19825e5E4804CE447Cc695971b92603137C614f,68,1675548947,primary
Action458133,Action458119,NEXT_STEP,0xe19825e5E4804CE447Cc695971b92603137C614f,69,1675570223,primary
Action458119,Action458133,NEXT_STEP,0xe19825e5E4804CE447Cc695971b92603137C614f,70,1675570223,primary
Action458133,Action458119,NEXT_STEP,0xe19825e5E4804CE447Cc695971b92603137C614f,71,1675571087,primary
Action458119,Action458133,NEXT_STEP,0xe19825e5E4804CE447Cc695971b92603137C614f,72,1675571087,primary
Action458133,Action458119,NEXT_STEP,0xe19825e5E4804CE447Cc695971b92603137C614f,73,1675574435,primary
Action458119,Action458150,NEXT_STEP,0xe19825e5E4804CE447Cc695971b92603137C614f,74,1675574435,primary
Action458150,Action458119,NEXT_STEP,0xe19825e5E4804CE447Cc695971b92603137C614f,75,1675574435,primary
Action458119,Action458133,NEXT_STEP,0xe19825e5E4804CE447Cc695971b92603137C614f,76,1675574435,primary
Action458133,Action458119,NEXT_STEP,0xe19825e5E4804CE447Cc695971b92603137C614f,77,1675583459,primary
Action458119,Action458119,NEXT_STEP,0xe19825e5E4804CE447Cc695971b92603137C614f,78,1675583459,primary
Action458119,Action458133,NEXT_STEP,0xe19825e5E4804CE447Cc695971b92603137C614f,79,1675583459,primary
Action458133,Action458119,NEXT_STEP,0xe19825e5E4804CE447Cc695971b92603137C614f,80,1675583519,primary
Action458119,Action458119,NEXT_STEP,0xe19825e5E4804CE447Cc695971b92603137C614f,81,1675583519,primary
Action458119,Action458133,NEXT_STEP,0xe19825e5E4804CE447Cc695971b92603137C614f,82,1675583519,primary
Action458133,Action458119,NEXT_STEP,0xe19825e5E4804CE447Cc695971b92603137C614f,83,1675586255,primary
Action458119,Action458133,NEXT_STEP,0xe19825e5E4804CE447Cc695971b92603137C614f,84,1675586255,primary
Action458133,Action458119,NEXT_STEP,0xe19825e5E4804CE447Cc695971b92603137C614f,85,1675586327,primary
Action458119,Action458133,NEXT_STEP,0xe19825e5E4804CE447Cc695971b92603137C614f,86,1675586327,primary
Action458133,Action458119,NEXT_STEP,0xe19825e5E4804CE447Cc695971b92603137C614f,87,1675586939,primary
Action458119,Action458133,NEXT_STEP,0xe19825e5E4804CE447Cc695971b92603137C614f,88,1675586939,primary
Action458133,Action458121,NEXT_STEP,0xe19825e5E4804CE447Cc695971b92603137C614f,89,1675586939,primary
Action458121,Action458119,NEXT_STEP,0xe19825e5E4804CE447Cc695971b92603137C614f,90,1675588259,primary
Action458119,Action458119,NEXT_STEP,0xe19825e5E4804CE447Cc695971b92603137C614f,91,1675588259,primary
Action458119,Action458119,NEXT_STEP,0xe19825e5E4804CE447Cc695971b92603137C614f,92,1675588259,primary
Action458119,Action458119,NEXT_STEP,0xe19825e5E4804CE447Cc695971b92603137C614f,93,1675588259,primary
Action458119,Action458133,NEXT_STEP,0xe19825e5E4804CE447Cc695971b92603137C614f,94,1675588259,primary
Action458133,Action458119,NEXT_STEP,0xe19825e5E4804CE447Cc695971b92603137C614f,95,1675588367,primary
Action458119,Action458119,NEXT_STEP,0xe19825e5E4804CE447Cc695971b92603137C614f,96,1675588367,primary
Action458119,Action458133,NEXT_STEP,0xe19825e5E4804CE447Cc695971b92603137C614f,97,1675588367,primary
Action458133,Action458119,NEXT_STEP,0xe19825e5E4804CE447Cc695971b92603137C614f,98,1675588451,primary
Action458119,Action458115,NEXT_STEP,0xe19825e5E4804CE447Cc695971b92603137C614f,99,1675588451,primary
Action458115,Action458119,NEXT_STEP,0xe19825e5E4804CE447Cc695971b92603137C614f,100,1675588451,primary
Action458119,Action458133,NEXT_STEP,0xe19825e5E4804CE447Cc695971b92603137C614f,101,1675588451,primary
Action458133,Action458135,NEXT_STEP,0xe19825e5E4804CE447Cc695971b92603137C614f,102,1675588451,primary
Action458135,Action458135,NEXT_STEP,0xe19825e5E4804CE447Cc695971b92603137C614f,103,1675588451,primary
Action458135,Action458119,NEXT_STEP,0xe19825e5E4804CE447Cc695971b92603137C614f,104,1675630607,primary
Action458119,Action458150,NEXT_STEP,0xe19825e5E4804CE447Cc695971b92603137C614f,105,1675630607,primary
Action458150,Action458119,NEXT_STEP,0xe19825e5E4804CE447Cc695971b92603137C614f,106,1675630607,primary
Action458119,Action458133,NEXT_STEP,0xe19825e5E4804CE447Cc695971b92603137C614f,107,1675630607,primary
Action458133,Action458119,NEXT_STEP,0xe19825e5E4804CE447Cc695971b92603137C614f,108,1675630679,primary
Action458119,Action458119,NEXT_STEP,0xe19825e5E4804CE447Cc695971b92603137C614f,109,1675630679,primary
Action458119,Action458115,NEXT_STEP,0xe19825e5E4804CE447Cc695971b92603137C614f,110,1675630679,primary
Action458115,Action458150,NEXT_STEP,0xe19825e5E4804CE447Cc695971b92603137C614f,111,1675630679,primary
Action458150,Action458135,NEXT_STEP,0xe19825e5E4804CE447Cc695971b92603137C614f,112,1675630679,primary
Action458135,Action458119,NEXT_STEP,0xe19825e5E4804CE447Cc695971b92603137C614f,113,1675630751,primary
Action458119,Action458150,NEXT_STEP,0xe19825e5E4804CE447Cc695971b92603137C614f,114,1675630751,primary
Action458150,Action458119,NEXT_STEP,0xe19825e5E4804CE447Cc695971b92603137C614f,115,1675630751,primary
Action458119,Action458133,NEXT_STEP,0xe19825e5E4804CE447Cc695971b92603137C614f,116,1675630751,primary
Action458133,Action458119,NEXT_STEP,0xe19825e5E4804CE447Cc695971b92603137C614f,117,1676619227,primary
Action458119,Action458119,NEXT_STEP,0xe19825e5E4804CE447Cc695971b92603137C614f,118,1676619227,primary
Action458119,Action458133,NEXT_STEP,0xe19825e5E4804CE447Cc695971b92603137C614f,119,1676619227,primary
Action458133,Action458119,NEXT_STEP,0xe19825e5E4804CE447Cc695971b92603137C614f,120,1676619323,primary
Action458119,Action458115,NEXT_STEP,0xe19825e5E4804CE447Cc695971b92603137C614f,121,1676619323,primary
Action458115,Action458133,NEXT_STEP,0xe19825e5E4804CE447Cc695971b92603137C614f,122,1676619323,primary
Action458133,Action458135,NEXT_STEP,0xe19825e5E4804CE447Cc695971b92603137C614f,123,1676619323,primary
Action458135,Action458119,NEXT_STEP,0xe19825e5E4804CE447Cc695971b92603137C614f,124,1677225335,primary
Action458119,Action458119,NEXT_STEP,0xe19825e5E4804CE447Cc695971b92603137C614f,125,1677225335,primary
Action458119,Action458133,NEXT_STEP,0xe19825e5E4804CE447Cc695971b92603137C614f,126,1677225335,primary
Action458133,Action458119,NEXT_STEP,0xe19825e5E4804CE447Cc695971b92603137C614f,127,1677225395,primary
Action458119,Action458133,NEXT_STEP,0xe19825e5E4804CE447Cc695971b92603137C614f,128,1677225395,primary
Action458133,Action458119,NEXT_STEP,0xe19825e5E4804CE447Cc695971b92603137C614f,129,1677225515,primary
Action458119,Action458133,NEXT_STEP,0xe19825e5E4804CE447Cc695971b92603137C614f,130,1677225515,primary
Action458133,Action458119,NEXT_STEP,0xe19825e5E4804CE447Cc695971b92603137C614f,131,1677226163,primary
Action458119,Action458119,NEXT_STEP,0xe19825e5E4804CE447Cc695971b92603137C614f,132,1677226163,primary
Action458119,Action458133,NEXT_STEP,0xe19825e5E4804CE447Cc695971b92603137C614f,133,1677226163,primary
Action458133,Action458119,NEXT_STEP,0xe19825e5E4804CE447Cc695971b92603137C614f,134,1677226307,primary
Action458119,Action458119,NEXT_STEP,0xe19825e5E4804CE447Cc695971b92603137C614f,135,1677226307,primary
Action458119,Action458133,NEXT_STEP,0xe19825e5E4804CE447Cc695971b92603137C614f,136,1677226307,primary
Action458133,Action458125,NEXT_STEP,0xe19825e5E4804CE447Cc695971b92603137C614f,137,1677226643,primary
Action458125,Action458125,NEXT_STEP,0xe19825e5E4804CE447Cc695971b92603137C614f,138,1677226643,primary
Action458125,Action458115,NEXT_STEP,0xe19825e5E4804CE447Cc695971b92603137C614f,139,1677226643,primary
Action458115,Action458119,NEXT_STEP,0xe19825e5E4804CE447Cc695971b92603137C614f,140,1677226643,primary
Action458119,Action458119,NEXT_STEP,0xe19825e5E4804CE447Cc695971b92603137C614f,141,1677226643,primary
Action458119,Action458125,NEXT_STEP,0xe19825e5E4804CE447Cc695971b92603137C614f,142,1677226643,primary
Action458125,Action458227,NEXT_STEP,0xe19825e5E4804CE447Cc695971b92603137C614f,143,1677226643,primary
Action458227,Action458119,NEXT_STEP,0xe19825e5E4804CE447Cc695971b92603137C614f,144,1677227267,primary
Action458119,Action458150,NEXT_STEP,0xe19825e5E4804CE447Cc695971b92603137C614f,145,1677227267,primary
Action458150,Action458119,NEXT_STEP,0xe19825e5E4804CE447Cc695971b92603137C614f,146,1677227267,primary
Action458119,Action458133,NEXT_STEP,0xe19825e5E4804CE447Cc695971b92603137C614f,147,1677227267,primary
Action458133,Action458119,NEXT_STEP,0xe19825e5E4804CE447Cc695971b92603137C614f,148,1677305687,primary
Action458119,Action458119,NEXT_STEP,0xe19825e5E4804CE447Cc695971b92603137C614f,149,1677305687,primary
Action458119,Action458133,NEXT_STEP,0xe19825e5E4804CE447Cc695971b92603137C614f,150,1677305687,primary
Action458133,Action458119,NEXT_STEP,0xe19825e5E4804CE447Cc695971b92603137C614f,151,1677305735,primary
Action458119,Action458119,NEXT_STEP,0xe19825e5E4804CE447Cc695971b92603137C614f,152,1677305735,primary
Action458119,Action458133,NEXT_STEP,0xe19825e5E4804CE447Cc695971b92603137C614f,153,1677305735,primary
Action458133,Action458117,NEXT_STEP,0xe19825e5E4804CE447Cc695971b92603137C614f,154,1677319439,primary
Action458117,Action458125,NEXT_STEP,0xe19825e5E4804CE447Cc695971b92603137C614f,155,1677319439,primary
Action458125,Action458119,NEXT_STEP,0xe19825e5E4804CE447Cc695971b92603137C614f,156,1677319439,primary
Action458119,Action458227,NEXT_STEP,0xe19825e5E4804CE447Cc695971b92603137C614f,157,1677319439,primary
Action458227,Action458121,NEXT_STEP,0xe19825e5E4804CE447Cc695971b92603137C614f,158,1677319439,primary
Action458121,Action458143,NEXT_STEP,0xe19825e5E4804CE447Cc695971b92603137C614f,159,1677319439,primary
Action458143,Action458117,NEXT_STEP,0xe19825e5E4804CE447Cc695971b92603137C614f,160,1677379499,primary
Action458117,Action458125,NEXT_STEP,0xe19825e5E4804CE447Cc695971b92603137C614f,161,1677379499,primary
Action458125,Action458119,NEXT_STEP,0xe19825e5E4804CE447Cc695971b92603137C614f,162,1677379499,primary
Action458119,Action458227,NEXT_STEP,0xe19825e5E4804CE447Cc695971b92603137C614f,163,1677379499,primary
Action458227,Action458121,NEXT_STEP,0xe19825e5E4804CE447Cc695971b92603137C614f,164,1677379499,primary
Action458121,Action458143,NEXT_STEP,0xe19825e5E4804CE447Cc695971b92603137C614f,165,1677379499,primary
Action458143,Action458119,NEXT_STEP,0xe19825e5E4804CE447Cc695971b92603137C614f,166,1677379979,primary
Action458119,Action458115,NEXT_STEP,0xe19825e5E4804CE447Cc695971b92603137C614f,167,1677379979,primary
Action458115,Action458115,NEXT_STEP,0xe19825e5E4804CE447Cc695971b92603137C614f,168,1677379979,primary
Action458115,Action458133,NEXT_STEP,0xe19825e5E4804CE447Cc695971b92603137C614f,169,1677379979,primary
Action458133,Action458150,NEXT_STEP,0xe19825e5E4804CE447Cc695971b92603137C614f,170,1677379979,primary
Action458150,Action458143,NEXT_STEP,0xe19825e5E4804CE447Cc695971b92603137C614f,171,1677379979,primary
Action458143,Action458119,NEXT_STEP,0xe19825e5E4804CE447Cc695971b92603137C614f,172,1677476087,primary
Action458119,Action458119,NEXT_STEP,0xe19825e5E4804CE447Cc695971b92603137C614f,173,1677476087,primary
Action458119,Action458133,NEXT_STEP,0xe19825e5E4804CE447Cc695971b92603137C614f,174,1677476087,primary
Action458133,Action458119,NEXT_STEP,0xe19825e5E4804CE447Cc695971b92603137C614f,175,1677476219,primary
Action458119,Action458119,NEXT_STEP,0xe19825e5E4804CE447Cc695971b92603137C614f,176,1677476219,primary
Action458119,Action458133,NEXT_STEP,0xe19825e5E4804CE447Cc695971b92603137C614f,177,1677476219,primary
Action458133,Action458119,NEXT_STEP,0xe19825e5E4804CE447Cc695971b92603137C614f,178,1677476339,primary
Action458119,Action458119,NEXT_STEP,0xe19825e5E4804CE447Cc695971b92603137C614f,179,1677476339,primary
Action458119,Action458133,NEXT_STEP,0xe19825e5E4804CE447Cc695971b92603137C614f,180,1677476339,primary
Action458115,Action458115,NEXT_STEP,0x6B3f825085438625749eE4dF91cC683c107658DE,1,1677122459,primary
Action458115,Action458119,NEXT_STEP,0x6B3f825085438625749eE4dF91cC683c107658DE,2,1677122459,primary
Action458119,Action458115,NEXT_STEP,0x6B3f825085438625749eE4dF91cC683c107658DE,3,1677122459,primary
Action458115,Action458115,NEXT_STEP,0x6B3f825085438625749eE4dF91cC683c107658DE,4,1677122459,primary
Action458115,Action458115,NEXT_STEP,0x6B3f825085438625749eE4dF91cC683c107658DE,5,1677122459,primary
Action458115,Action458133,NEXT_STEP,0x6B3f825085438625749eE4dF91cC683c107658DE,6,1677122459,primary
Action458133,Action458150,NEXT_STEP,0x6B3f825085438625749eE4dF91cC683c107658DE,7,1677122459,primary
Action458150,Action458143,NEXT_STEP,0x6B3f825085438625749eE4dF91cC683c107658DE,8,1677122459,primary
Action458134,Action458119,NEXT_STEP,0x2E4548FbBE0a308176eC263E6AeD5dCECdA7B460,1,1675272347,primary
Action458119,Action458134,NEXT_STEP,0x2E4548FbBE0a308176eC263E6AeD5dCECdA7B460,2,1675319315,primary
Action458134,Action458119,NEXT_STEP,0x2E4548FbBE0a308176eC263E6AeD5dCECdA7B460,3,1675319315,primary
Action458223,Action458150,NEXT_STEP,0xF2B91b26F0380C526144580CddA7a316E8223daD,1,1677390431,primary
Action458150,Action458119,NEXT_STEP,0xF2B91b26F0380C526144580CddA7a316E8223daD,2,1677390431,primary
Action458119,Action458133,NEXT_STEP,0xF2B91b26F0380C526144580CddA7a316E8223daD,3,1677390431,primary
Action458133,Action458119,NEXT_STEP,0xF2B91b26F0380C526144580CddA7a316E8223daD,4,1677489383,primary
Action458119,Action458119,NEXT_STEP,0xF2B91b26F0380C526144580CddA7a316E8223daD,5,1677489383,primary
Action458119,Action458133,NEXT_STEP,0xF2B91b26F0380C526144580CddA7a316E8223daD,6,1677489383,primary
Action458133,Action461971,NEXT_STEP,0xF2B91b26F0380C526144580CddA7a316E8223daD,7,1677489383,primary
Action458119,Action458150,NEXT_STEP,0x26A844968A2Cc0a204f4a59c2944109587DF6fA7,1,1676080799,primary
Action458150,Action458119,NEXT_STEP,0x26A844968A2Cc0a204f4a59c2944109587DF6fA7,2,1676080799,primary
Action458119,Action458133,NEXT_STEP,0x26A844968A2Cc0a204f4a59c2944109587DF6fA7,3,1676080799,primary
Action458119,Action458133,NEXT_STEP,0xBbe0252Bc2Ae7508549805FeD9443C3F1CEfC235,1,1672875731,primary
Action458133,Action458121,NEXT_STEP,0xBbe0252Bc2Ae7508549805FeD9443C3F1CEfC235,2,1672875731,primary
Action458121,Action458119,NEXT_STEP,0xBbe0252Bc2Ae7508549805FeD9443C3F1CEfC235,3,1672875839,primary
Action458119,Action458150,NEXT_STEP,0xBbe0252Bc2Ae7508549805FeD9443C3F1CEfC235,4,1672875839,primary
Action458150,Action458132,NEXT_STEP,0xBbe0252Bc2Ae7508549805FeD9443C3F1CEfC235,5,1672875839,primary
Action458132,Action458119,NEXT_STEP,0xBbe0252Bc2Ae7508549805FeD9443C3F1CEfC235,6,1672875839,primary
Action458119,Action458124,NEXT_STEP,0xBbe0252Bc2Ae7508549805FeD9443C3F1CEfC235,7,1672875839,primary
Action458124,Action458119,NEXT_STEP,0xBbe0252Bc2Ae7508549805FeD9443C3F1CEfC235,8,1673652263,primary
Action458119,Action458126,NEXT_STEP,0xBbe0252Bc2Ae7508549805FeD9443C3F1CEfC235,9,1673652263,primary
Action458126,Action458129,NEXT_STEP,0xBbe0252Bc2Ae7508549805FeD9443C3F1CEfC235,10,1673652263,primary
Action458129,Action458130,NEXT_STEP,0xBbe0252Bc2Ae7508549805FeD9443C3F1CEfC235,11,1673652263,primary
Action458130,Action458121,NEXT_STEP,0xBbe0252Bc2Ae7508549805FeD9443C3F1CEfC235,12,1673652263,primary
Action458121,Action458119,NEXT_STEP,0xBbe0252Bc2Ae7508549805FeD9443C3F1CEfC235,13,1673820407,primary
Action458119,Action458150,NEXT_STEP,0xBbe0252Bc2Ae7508549805FeD9443C3F1CEfC235,14,1673820407,primary
Action458150,Action458133,NEXT_STEP,0xBbe0252Bc2Ae7508549805FeD9443C3F1CEfC235,15,1673820407,primary
Action458117,Action458160,NEXT_STEP,0x24eb6e9356b096cFF22414d5413bEA4111E5f171,1,1674587171,secondary
Action458160,Action458192,NEXT_STEP,0x24eb6e9356b096cFF22414d5413bEA4111E5f171,2,1674587171,secondary
Action458119,Action458119,NEXT_STEP,0xddd9E74703eE3dFA959c94B2e591Ed9349939a32,1,1676275607,primary
Action458119,Action458133,NEXT_STEP,0xddd9E74703eE3dFA959c94B2e591Ed9349939a32,2,1676275607,primary
Action458133,Action461971,NEXT_STEP,0xddd9E74703eE3dFA959c94B2e591Ed9349939a32,3,1676275607,primary
Action458119,Action458115,NEXT_STEP,0xAFe2ddF627A75465dE8ae39c327Bb0691be09B65,1,1674221627,primary
Action458115,Action458131,NEXT_STEP,0xAFe2ddF627A75465dE8ae39c327Bb0691be09B65,2,1674221627,primary
Action458131,Action458119,NEXT_STEP,0xAFe2ddF627A75465dE8ae39c327Bb0691be09B65,3,1674221627,primary
Action458119,Action458119,NEXT_STEP,0xAFe2ddF627A75465dE8ae39c327Bb0691be09B65,4,1674221627,primary
Action458119,Action458119,NEXT_STEP,0xAFe2ddF627A75465dE8ae39c327Bb0691be09B65,5,1674221627,primary
Action458119,Action458119,NEXT_STEP,0xAFe2ddF627A75465dE8ae39c327Bb0691be09B65,6,1674221627,primary
Action458119,Action458115,NEXT_STEP,0xAFe2ddF627A75465dE8ae39c327Bb0691be09B65,7,1674221627,primary
Action458115,Action458135,NEXT_STEP,0xAFe2ddF627A75465dE8ae39c327Bb0691be09B65,8,1674221627,primary
Action458135,Action458135,NEXT_STEP,0xAFe2ddF627A75465dE8ae39c327Bb0691be09B65,9,1674221627,primary
Action458135,Action458135,NEXT_STEP,0xAFe2ddF627A75465dE8ae39c327Bb0691be09B65,10,1674221627,primary
Action458135,Action461971,NEXT_STEP,0xAFe2ddF627A75465dE8ae39c327Bb0691be09B65,11,1674221627,primary
Action461971,Action458119,NEXT_STEP,0xAFe2ddF627A75465dE8ae39c327Bb0691be09B65,12,1674221795,primary
Action458119,Action458119,NEXT_STEP,0xAFe2ddF627A75465dE8ae39c327Bb0691be09B65,13,1674221795,primary
Action458119,Action458133,NEXT_STEP,0xAFe2ddF627A75465dE8ae39c327Bb0691be09B65,14,1674221795,primary
Action458133,Action461971,NEXT_STEP,0xAFe2ddF627A75465dE8ae39c327Bb0691be09B65,15,1674221795,primary
Action461971,Action458131,NEXT_STEP,0xAFe2ddF627A75465dE8ae39c327Bb0691be09B65,16,1674221795,primary
Action458131,Action458135,NEXT_STEP,0xAFe2ddF627A75465dE8ae39c327Bb0691be09B65,17,1674221795,primary
Action458119,Action458131,NEXT_STEP,0xCde4DF56Cc96EAF90d5246D0E3c27B0c1174cc15,1,1676941187,primary
Action458131,Action458133,NEXT_STEP,0xCde4DF56Cc96EAF90d5246D0E3c27B0c1174cc15,2,1676941187,primary
Action458133,Action458121,NEXT_STEP,0xCde4DF56Cc96EAF90d5246D0E3c27B0c1174cc15,3,1676941187,primary
Action458119,Action458150,NEXT_STEP,0x6C20f11FbABb600866708137C566a8870124db72,1,1674725099,primary
Action458150,Action458119,NEXT_STEP,0x6C20f11FbABb600866708137C566a8870124db72,2,1674725099,primary
Action458119,Action458133,NEXT_STEP,0x6C20f11FbABb600866708137C566a8870124db72,3,1674725099,primary
Action458133,Action458121,NEXT_STEP,0x6C20f11FbABb600866708137C566a8870124db72,4,1674725099,primary
Action458134,Action458134,NEXT_STEP,0xc725c014BCc978e1d15aB76aaE7DDd03BbB99681,1,1672819979,primary
Action458134,Action458119,NEXT_STEP,0xc725c014BCc978e1d15aB76aaE7DDd03BbB99681,2,1672836455,primary
Action458119,Action458133,NEXT_STEP,0xc725c014BCc978e1d15aB76aaE7DDd03BbB99681,3,1672836455,primary
Action458133,Action458121,NEXT_STEP,0xc725c014BCc978e1d15aB76aaE7DDd03BbB99681,4,1672836455,primary
Action458121,Action458119,NEXT_STEP,0xc725c014BCc978e1d15aB76aaE7DDd03BbB99681,5,1673436647,primary
Action458119,Action458150,NEXT_STEP,0xc725c014BCc978e1d15aB76aaE7DDd03BbB99681,6,1673436647,primary
Action458150,Action458133,NEXT_STEP,0xc725c014BCc978e1d15aB76aaE7DDd03BbB99681,7,1673436647,primary
Action458133,Action458115,NEXT_STEP,0xc725c014BCc978e1d15aB76aaE7DDd03BbB99681,8,1673440559,primary
Action458115,Action458119,NEXT_STEP,0xc725c014BCc978e1d15aB76aaE7DDd03BbB99681,9,1673440559,primary
Action458119,Action458133,NEXT_STEP,0xc725c014BCc978e1d15aB76aaE7DDd03BbB99681,10,1673440559,primary
Action458133,Action458150,NEXT_STEP,0xc725c014BCc978e1d15aB76aaE7DDd03BbB99681,11,1673440559,primary
Action458150,Action458119,NEXT_STEP,0xc725c014BCc978e1d15aB76aaE7DDd03BbB99681,12,1675272155,primary
Action458119,Action461971,NEXT_STEP,0xc725c014BCc978e1d15aB76aaE7DDd03BbB99681,13,1675272155,primary
Action461971,Action458133,NEXT_STEP,0xc725c014BCc978e1d15aB76aaE7DDd03BbB99681,14,1675272155,primary
Action458133,Action458121,NEXT_STEP,0xc725c014BCc978e1d15aB76aaE7DDd03BbB99681,15,1675272155,primary
Action458121,Action458115,NEXT_STEP,0xc725c014BCc978e1d15aB76aaE7DDd03BbB99681,16,1675272203,primary
Action458115,Action458119,NEXT_STEP,0xc725c014BCc978e1d15aB76aaE7DDd03BbB99681,17,1675272203,primary
Action458119,Action458115,NEXT_STEP,0xc725c014BCc978e1d15aB76aaE7DDd03BbB99681,18,1675272203,primary
Action458115,Action458150,NEXT_STEP,0xc725c014BCc978e1d15aB76aaE7DDd03BbB99681,19,1675272203,primary
Action458150,Action458121,NEXT_STEP,0xc725c014BCc978e1d15aB76aaE7DDd03BbB99681,20,1675272203,primary
Action458121,Action458115,NEXT_STEP,0xc725c014BCc978e1d15aB76aaE7DDd03BbB99681,21,1675272311,primary
Action458115,Action458119,NEXT_STEP,0xc725c014BCc978e1d15aB76aaE7DDd03BbB99681,22,1675272311,primary
Action458119,Action458133,NEXT_STEP,0xc725c014BCc978e1d15aB76aaE7DDd03BbB99681,23,1675272311,primary
Action458119,Action458119,NEXT_STEP,0x0d64113b7e1a6c0BFfDb46095547815b22B969aF,1,1675782539,primary
Action458119,Action458133,NEXT_STEP,0x0d64113b7e1a6c0BFfDb46095547815b22B969aF,2,1675782539,primary
Action458133,Action458172,NEXT_STEP,0x0d64113b7e1a6c0BFfDb46095547815b22B969aF,3,1675782539,primary
Action458172,Action461971,NEXT_STEP,0x0d64113b7e1a6c0BFfDb46095547815b22B969aF,4,1675782539,primary
Action461971,Action458119,NEXT_STEP,0x0d64113b7e1a6c0BFfDb46095547815b22B969aF,5,1676479427,primary
Action458119,Action458150,NEXT_STEP,0x0d64113b7e1a6c0BFfDb46095547815b22B969aF,6,1676479427,primary
Action458150,Action458119,NEXT_STEP,0x0d64113b7e1a6c0BFfDb46095547815b22B969aF,7,1676479427,primary
Action458119,Action458133,NEXT_STEP,0x0d64113b7e1a6c0BFfDb46095547815b22B969aF,8,1676479427,primary
Action458133,Action458119,NEXT_STEP,0x0d64113b7e1a6c0BFfDb46095547815b22B969aF,9,1676524247,primary
Action458119,Action458150,NEXT_STEP,0x0d64113b7e1a6c0BFfDb46095547815b22B969aF,10,1676524247,primary
Action458150,Action458119,NEXT_STEP,0x0d64113b7e1a6c0BFfDb46095547815b22B969aF,11,1676524247,primary
Action458119,Action458133,NEXT_STEP,0x0d64113b7e1a6c0BFfDb46095547815b22B969aF,12,1676524247,primary
Action458134,Action458115,NEXT_STEP,0xB70Cf81f15658DfB34df48b2f6E48e58d7015034,1,1677483311,primary
Action458115,Action458115,NEXT_STEP,0xB70Cf81f15658DfB34df48b2f6E48e58d7015034,2,1677483311,primary
Action458115,Action458119,NEXT_STEP,0xB70Cf81f15658DfB34df48b2f6E48e58d7015034,3,1677483311,primary
Action458119,Action458115,NEXT_STEP,0xB70Cf81f15658DfB34df48b2f6E48e58d7015034,4,1677483311,primary
Action458115,Action458119,NEXT_STEP,0xB70Cf81f15658DfB34df48b2f6E48e58d7015034,5,1677483311,primary
Action458119,Action458134,NEXT_STEP,0xB70Cf81f15658DfB34df48b2f6E48e58d7015034,6,1677483311,primary
Action458134,Action458134,NEXT_STEP,0xB70Cf81f15658DfB34df48b2f6E48e58d7015034,7,1677483311,primary
Action458134,Action458134,NEXT_STEP,0xB70Cf81f15658DfB34df48b2f6E48e58d7015034,8,1677483311,primary
Action458134,Action458115,NEXT_STEP,0xB70Cf81f15658DfB34df48b2f6E48e58d7015034,9,1677483311,primary
Action458115,Action458119,NEXT_STEP,0xB70Cf81f15658DfB34df48b2f6E48e58d7015034,10,1677483311,primary
Action458119,Action458133,NEXT_STEP,0xB70Cf81f15658DfB34df48b2f6E48e58d7015034,11,1677483311,primary
Action458133,Action458135,NEXT_STEP,0xB70Cf81f15658DfB34df48b2f6E48e58d7015034,12,1677483311,primary
Action458135,Action458143,NEXT_STEP,0xB70Cf81f15658DfB34df48b2f6E48e58d7015034,13,1677483311,primary
Action458119,Action458150,NEXT_STEP,0xCb96161039F0438A606c6172516B31001b377EF4,1,1673840867,primary
Action458150,Action458133,NEXT_STEP,0xCb96161039F0438A606c6172516B31001b377EF4,2,1673840867,primary
Action458133,Action458119,NEXT_STEP,0xCb96161039F0438A606c6172516B31001b377EF4,3,1673880335,primary
Action458119,Action458131,NEXT_STEP,0xCb96161039F0438A606c6172516B31001b377EF4,4,1673880335,primary
Action458131,Action458133,NEXT_STEP,0xCb96161039F0438A606c6172516B31001b377EF4,5,1673880335,primary
Action458133,Action458121,NEXT_STEP,0xCb96161039F0438A606c6172516B31001b377EF4,6,1673880335,primary
Action458121,Action458119,NEXT_STEP,0xCb96161039F0438A606c6172516B31001b377EF4,7,1674146171,primary
Action458119,Action458150,NEXT_STEP,0xCb96161039F0438A606c6172516B31001b377EF4,8,1674146171,primary
Action458150,Action458119,NEXT_STEP,0xCb96161039F0438A606c6172516B31001b377EF4,9,1674146171,primary
Action458119,Action458133,NEXT_STEP,0xCb96161039F0438A606c6172516B31001b377EF4,10,1674146171,primary
Action458133,Action458119,NEXT_STEP,0xCb96161039F0438A606c6172516B31001b377EF4,11,1674146855,primary
Action458119,Action461971,NEXT_STEP,0xCb96161039F0438A606c6172516B31001b377EF4,12,1674146855,primary
Action461971,Action458133,NEXT_STEP,0xCb96161039F0438A606c6172516B31001b377EF4,13,1674146855,primary
Action458133,Action458121,NEXT_STEP,0xCb96161039F0438A606c6172516B31001b377EF4,14,1674146855,primary
Action458136,Action458116,NEXT_STEP,0xa4711AEdCBA8527e7F00C22bA7934420A8dC41d5,1,1673786927,primary
Action458116,Action458133,NEXT_STEP,0xa4711AEdCBA8527e7F00C22bA7934420A8dC41d5,2,1673786927,primary
Action458133,Action458121,NEXT_STEP,0xa4711AEdCBA8527e7F00C22bA7934420A8dC41d5,3,1673786927,primary
Action458121,Action458232,NEXT_STEP,0xa4711AEdCBA8527e7F00C22bA7934420A8dC41d5,4,1673786927,primary
Action458119,Action461971,NEXT_STEP,0x05f51de33bD21abD4172634eDDC78c8884212033,1,1675039367,primary
Action461971,Action458133,NEXT_STEP,0x05f51de33bD21abD4172634eDDC78c8884212033,2,1675039367,primary
Action458133,Action458121,NEXT_STEP,0x05f51de33bD21abD4172634eDDC78c8884212033,3,1675039367,primary
Action458121,Action458119,NEXT_STEP,0x05f51de33bD21abD4172634eDDC78c8884212033,4,1675436363,primary
Action458119,Action458133,NEXT_STEP,0x05f51de33bD21abD4172634eDDC78c8884212033,5,1675436363,primary
Action458133,Action458121,NEXT_STEP,0x05f51de33bD21abD4172634eDDC78c8884212033,6,1675436363,primary
Action458121,Action458119,NEXT_STEP,0x05f51de33bD21abD4172634eDDC78c8884212033,7,1676044463,primary
Action458119,Action458119,NEXT_STEP,0x05f51de33bD21abD4172634eDDC78c8884212033,8,1676044463,primary
Action458119,Action458133,NEXT_STEP,0x05f51de33bD21abD4172634eDDC78c8884212033,9,1676044463,primary
Action458133,Action458119,NEXT_STEP,0x05f51de33bD21abD4172634eDDC78c8884212033,10,1676253035,primary
Action458119,Action458119,NEXT_STEP,0x05f51de33bD21abD4172634eDDC78c8884212033,11,1676253035,primary
Action458119,Action458133,NEXT_STEP,0x05f51de33bD21abD4172634eDDC78c8884212033,12,1676253035,primary
Action458133,Action458135,NEXT_STEP,0x05f51de33bD21abD4172634eDDC78c8884212033,13,1676253035,primary
Action458135,Action458121,NEXT_STEP,0x05f51de33bD21abD4172634eDDC78c8884212033,14,1676253035,primary
Action458121,Action458119,NEXT_STEP,0x05f51de33bD21abD4172634eDDC78c8884212033,15,1676534687,primary
Action458119,Action458150,NEXT_STEP,0x05f51de33bD21abD4172634eDDC78c8884212033,16,1676534687,primary
Action458150,Action458119,NEXT_STEP,0x05f51de33bD21abD4172634eDDC78c8884212033,17,1676534687,primary
Action458119,Action458133,NEXT_STEP,0x05f51de33bD21abD4172634eDDC78c8884212033,18,1676534687,primary
Action458115,Action458119,NEXT_STEP,0x68894A7e354B6B184d62aEc8Cb48f05202e5E4c2,1,1676147495,primary
Action458119,Action458133,NEXT_STEP,0x68894A7e354B6B184d62aEc8Cb48f05202e5E4c2,2,1676147495,primary
Action458133,Action461971,NEXT_STEP,0x68894A7e354B6B184d62aEc8Cb48f05202e5E4c2,3,1676147495,primary
Action461971,Action458527,NEXT_STEP,0x68894A7e354B6B184d62aEc8Cb48f05202e5E4c2,4,1676147495,primary
Action458527,Action458115,NEXT_STEP,0x68894A7e354B6B184d62aEc8Cb48f05202e5E4c2,5,1676147543,primary
Action458115,Action458119,NEXT_STEP,0x68894A7e354B6B184d62aEc8Cb48f05202e5E4c2,6,1676147543,primary
Action458119,Action458133,NEXT_STEP,0x68894A7e354B6B184d62aEc8Cb48f05202e5E4c2,7,1676147543,primary
Action458133,Action458527,NEXT_STEP,0x68894A7e354B6B184d62aEc8Cb48f05202e5E4c2,8,1676147543,primary
Action458527,Action458115,NEXT_STEP,0x68894A7e354B6B184d62aEc8Cb48f05202e5E4c2,9,1676147579,primary
Action458115,Action458119,NEXT_STEP,0x68894A7e354B6B184d62aEc8Cb48f05202e5E4c2,10,1676147579,primary
Action458119,Action458133,NEXT_STEP,0x68894A7e354B6B184d62aEc8Cb48f05202e5E4c2,11,1676147579,primary
Action458133,Action458527,NEXT_STEP,0x68894A7e354B6B184d62aEc8Cb48f05202e5E4c2,12,1676147579,primary
Action458527,Action458115,NEXT_STEP,0x68894A7e354B6B184d62aEc8Cb48f05202e5E4c2,13,1676147675,primary
Action458115,Action458119,NEXT_STEP,0x68894A7e354B6B184d62aEc8Cb48f05202e5E4c2,14,1676147675,primary
Action458119,Action458133,NEXT_STEP,0x68894A7e354B6B184d62aEc8Cb48f05202e5E4c2,15,1676147675,primary
Action458133,Action458527,NEXT_STEP,0x68894A7e354B6B184d62aEc8Cb48f05202e5E4c2,16,1676147675,primary
Action458527,Action458225,NEXT_STEP,0x68894A7e354B6B184d62aEc8Cb48f05202e5E4c2,17,1676471471,primary
Action458225,Action458119,NEXT_STEP,0x68894A7e354B6B184d62aEc8Cb48f05202e5E4c2,18,1676471471,primary
Action458119,Action458653,NEXT_STEP,0x68894A7e354B6B184d62aEc8Cb48f05202e5E4c2,19,1676471471,primary
Action458653,Action458223,NEXT_STEP,0x68894A7e354B6B184d62aEc8Cb48f05202e5E4c2,20,1676471471,primary
Action458223,Action458223,NEXT_STEP,0x68894A7e354B6B184d62aEc8Cb48f05202e5E4c2,21,1676471471,primary
Action458223,Action458133,NEXT_STEP,0x68894A7e354B6B184d62aEc8Cb48f05202e5E4c2,22,1676471471,primary
Action458133,Action458119,NEXT_STEP,0x68894A7e354B6B184d62aEc8Cb48f05202e5E4c2,23,1676471903,primary
Action458119,Action461971,NEXT_STEP,0x68894A7e354B6B184d62aEc8Cb48f05202e5E4c2,24,1676471903,primary
Action461971,Action458133,NEXT_STEP,0x68894A7e354B6B184d62aEc8Cb48f05202e5E4c2,25,1676471903,primary
Action458133,Action458121,NEXT_STEP,0x68894A7e354B6B184d62aEc8Cb48f05202e5E4c2,26,1676471903,primary
Action458121,Action458119,NEXT_STEP,0x68894A7e354B6B184d62aEc8Cb48f05202e5E4c2,27,1677012539,primary
Action458119,Action458150,NEXT_STEP,0x68894A7e354B6B184d62aEc8Cb48f05202e5E4c2,28,1677012539,primary
Action458150,Action458119,NEXT_STEP,0x68894A7e354B6B184d62aEc8Cb48f05202e5E4c2,29,1677012539,primary
Action458119,Action458133,NEXT_STEP,0x68894A7e354B6B184d62aEc8Cb48f05202e5E4c2,30,1677012539,primary
Action458133,Action458121,NEXT_STEP,0x68894A7e354B6B184d62aEc8Cb48f05202e5E4c2,31,1677012539,primary
Action458119,Action458115,NEXT_STEP,0x7F6dFd48E5585A0984A7D4f3eF3966dD4c6bD849,1,1674631199,primary
Action458115,Action458115,NEXT_STEP,0x7F6dFd48E5585A0984A7D4f3eF3966dD4c6bD849,2,1674631199,primary
Action458115,Action458115,NEXT_STEP,0x7F6dFd48E5585A0984A7D4f3eF3966dD4c6bD849,3,1674631199,primary
Action458115,Action458133,NEXT_STEP,0x7F6dFd48E5585A0984A7D4f3eF3966dD4c6bD849,4,1674631199,primary
Action458133,Action460700,NEXT_STEP,0x7F6dFd48E5585A0984A7D4f3eF3966dD4c6bD849,5,1674631199,primary
Action460700,Action458117,NEXT_STEP,0x7F6dFd48E5585A0984A7D4f3eF3966dD4c6bD849,6,1677045335,primary
Action458117,Action458125,NEXT_STEP,0x7F6dFd48E5585A0984A7D4f3eF3966dD4c6bD849,7,1677045335,primary
Action458125,Action458117,NEXT_STEP,0x7F6dFd48E5585A0984A7D4f3eF3966dD4c6bD849,8,1677045335,primary
Action458117,Action458117,NEXT_STEP,0x7F6dFd48E5585A0984A7D4f3eF3966dD4c6bD849,9,1677045335,primary
Action458117,Action458119,NEXT_STEP,0x7F6dFd48E5585A0984A7D4f3eF3966dD4c6bD849,10,1677045335,primary
Action458119,Action458227,NEXT_STEP,0x7F6dFd48E5585A0984A7D4f3eF3966dD4c6bD849,11,1677045335,primary
Action458227,Action458135,NEXT_STEP,0x7F6dFd48E5585A0984A7D4f3eF3966dD4c6bD849,12,1677045335,primary
Action458119,Action458119,NEXT_STEP,0x1878a187b0046feee03433C01c15fd77ACf475D3,1,1675495691,primary
Action458119,Action458133,NEXT_STEP,0x1878a187b0046feee03433C01c15fd77ACf475D3,2,1675495691,primary
Action458133,Action461971,NEXT_STEP,0x1878a187b0046feee03433C01c15fd77ACf475D3,3,1675495691,primary
Action461971,Action458131,NEXT_STEP,0x1878a187b0046feee03433C01c15fd77ACf475D3,4,1675495691,primary
Action458119,Action458150,NEXT_STEP,0x1eBf52Df3Beb21E22A84DcD28FB35453348fE896,1,1674505367,primary
Action458150,Action458119,NEXT_STEP,0x1eBf52Df3Beb21E22A84DcD28FB35453348fE896,2,1674505367,primary
Action458119,Action458133,NEXT_STEP,0x1eBf52Df3Beb21E22A84DcD28FB35453348fE896,3,1674505367,primary
Action458138,Action458119,NEXT_STEP,0x8b65FF74d2f1d9b31D647c7719895e50DeeEda69,1,1676256275,primary
Action458119,Action458150,NEXT_STEP,0x8b65FF74d2f1d9b31D647c7719895e50DeeEda69,2,1676256275,primary
Action458150,Action458132,NEXT_STEP,0x8b65FF74d2f1d9b31D647c7719895e50DeeEda69,3,1676256275,primary
Action458132,Action458119,NEXT_STEP,0x8b65FF74d2f1d9b31D647c7719895e50DeeEda69,4,1676256275,primary
Action458119,Action458124,NEXT_STEP,0x8b65FF74d2f1d9b31D647c7719895e50DeeEda69,5,1676256275,primary
Action458119,Action461971,NEXT_STEP,0x8520d229f90993032973f6cB6bF83562FAcAb15E,1,1674926687,primary
Action461971,Action458133,NEXT_STEP,0x8520d229f90993032973f6cB6bF83562FAcAb15E,2,1674926687,primary
Action458133,Action458121,NEXT_STEP,0x8520d229f90993032973f6cB6bF83562FAcAb15E,3,1674926687,primary
Action458121,Action458119,NEXT_STEP,0x8520d229f90993032973f6cB6bF83562FAcAb15E,4,1675014083,primary
Action458119,Action458150,NEXT_STEP,0x8520d229f90993032973f6cB6bF83562FAcAb15E,5,1675014083,primary
Action458150,Action458119,NEXT_STEP,0x8520d229f90993032973f6cB6bF83562FAcAb15E,6,1675014083,primary
Action458119,Action458133,NEXT_STEP,0x8520d229f90993032973f6cB6bF83562FAcAb15E,7,1675014083,primary
Action458133,Action458119,NEXT_STEP,0x8520d229f90993032973f6cB6bF83562FAcAb15E,8,1675442243,primary
Action458119,Action461971,NEXT_STEP,0x8520d229f90993032973f6cB6bF83562FAcAb15E,9,1675442243,primary
Action461971,Action458133,NEXT_STEP,0x8520d229f90993032973f6cB6bF83562FAcAb15E,10,1675442243,primary
Action458133,Action458119,NEXT_STEP,0x8520d229f90993032973f6cB6bF83562FAcAb15E,11,1675698863,primary
Action458119,Action458119,NEXT_STEP,0x8520d229f90993032973f6cB6bF83562FAcAb15E,12,1675698863,primary
Action458119,Action458133,NEXT_STEP,0x8520d229f90993032973f6cB6bF83562FAcAb15E,13,1675698863,primary
Action458133,Action458119,NEXT_STEP,0x8520d229f90993032973f6cB6bF83562FAcAb15E,14,1676831891,primary
Action458119,Action458150,NEXT_STEP,0x8520d229f90993032973f6cB6bF83562FAcAb15E,15,1676831891,primary
Action458150,Action458119,NEXT_STEP,0x8520d229f90993032973f6cB6bF83562FAcAb15E,16,1676831891,primary
Action458119,Action458133,NEXT_STEP,0x8520d229f90993032973f6cB6bF83562FAcAb15E,17,1676831891,primary
Action458133,Action458117,NEXT_STEP,0x8520d229f90993032973f6cB6bF83562FAcAb15E,18,1677051803,secondary
Action458117,Action458117,NEXT_STEP,0x8520d229f90993032973f6cB6bF83562FAcAb15E,19,1677051803,secondary
Action458117,Action458131,NEXT_STEP,0x8520d229f90993032973f6cB6bF83562FAcAb15E,20,1677051803,secondary
Action458131,Action458131,NEXT_STEP,0x8520d229f90993032973f6cB6bF83562FAcAb15E,21,1677051803,secondary
Action458131,Action458117,NEXT_STEP,0x8520d229f90993032973f6cB6bF83562FAcAb15E,22,1677051803,secondary
Action458117,Action458131,NEXT_STEP,0x8520d229f90993032973f6cB6bF83562FAcAb15E,23,1677051803,secondary
Action458131,Action458131,NEXT_STEP,0x8520d229f90993032973f6cB6bF83562FAcAb15E,24,1677051803,secondary
Action458131,Action458119,NEXT_STEP,0x8520d229f90993032973f6cB6bF83562FAcAb15E,25,1677051803,secondary
Action458119,Action458119,NEXT_STEP,0x8520d229f90993032973f6cB6bF83562FAcAb15E,26,1677051803,secondary
Action458119,Action458193,NEXT_STEP,0x8520d229f90993032973f6cB6bF83562FAcAb15E,27,1677051803,secondary
Action458193,Action458133,NEXT_STEP,0x8520d229f90993032973f6cB6bF83562FAcAb15E,28,1677051803,secondary
Action458119,Action458150,NEXT_STEP,0x0b6744f0f15E6254406c6419182d57A22DbBc788,1,1677382307,primary
Action458150,Action458119,NEXT_STEP,0x0b6744f0f15E6254406c6419182d57A22DbBc788,2,1677382307,primary
Action458119,Action458133,NEXT_STEP,0x0b6744f0f15E6254406c6419182d57A22DbBc788,3,1677382307,primary
Action458119,Action458119,NEXT_STEP,0xd44ADb373f6aa592Edd86c8B20cd393672B9B55F,1,1676417987,primary
Action458119,Action458133,NEXT_STEP,0xd44ADb373f6aa592Edd86c8B20cd393672B9B55F,2,1676417987,primary
Action458133,Action458131,NEXT_STEP,0xd44ADb373f6aa592Edd86c8B20cd393672B9B55F,3,1676417987,primary
Action458115,Action458119,NEXT_STEP,0x1ACd7c5E5f07d151dBde900FfB1c02492034A730,1,1674036011,primary
Action458119,Action458119,NEXT_STEP,0x1ACd7c5E5f07d151dBde900FfB1c02492034A730,2,1674036011,primary
Action458119,Action458115,NEXT_STEP,0x1ACd7c5E5f07d151dBde900FfB1c02492034A730,3,1674036011,primary
Action458115,Action458115,NEXT_STEP,0x1ACd7c5E5f07d151dBde900FfB1c02492034A730,4,1674036011,primary
Action458115,Action458133,NEXT_STEP,0x1ACd7c5E5f07d151dBde900FfB1c02492034A730,5,1674036011,primary
Action458133,Action458119,NEXT_STEP,0x1ACd7c5E5f07d151dBde900FfB1c02492034A730,6,1674036011,primary
Action458119,Action458150,NEXT_STEP,0x1ACd7c5E5f07d151dBde900FfB1c02492034A730,7,1674036011,primary
Action458119,Action458115,NEXT_STEP,0x190f6e6E25e2cDc448894372e29B9a4CCE92F793,1,1677317327,primary
Action458115,Action458133,NEXT_STEP,0x190f6e6E25e2cDc448894372e29B9a4CCE92F793,2,1677317327,primary
Action458133,Action461971,NEXT_STEP,0x190f6e6E25e2cDc448894372e29B9a4CCE92F793,3,1677317327,primary
Action461971,Action458135,NEXT_STEP,0x190f6e6E25e2cDc448894372e29B9a4CCE92F793,4,1677317327,primary
Action458119,Action458150,NEXT_STEP,0x71Dcfc8A058B78D32fDB2F4Aa33f662EB5374AFF,1,1675295423,primary
Action458150,Action458119,NEXT_STEP,0x71Dcfc8A058B78D32fDB2F4Aa33f662EB5374AFF,2,1675295423,primary
Action458119,Action458133,NEXT_STEP,0x71Dcfc8A058B78D32fDB2F4Aa33f662EB5374AFF,3,1675295423,primary
Action458133,Action458119,NEXT_STEP,0x71Dcfc8A058B78D32fDB2F4Aa33f662EB5374AFF,4,1676173559,primary
Action458119,Action458133,NEXT_STEP,0x71Dcfc8A058B78D32fDB2F4Aa33f662EB5374AFF,5,1676173559,primary
Action458133,Action458121,NEXT_STEP,0x71Dcfc8A058B78D32fDB2F4Aa33f662EB5374AFF,6,1676173559,primary
Action458121,Action458119,NEXT_STEP,0x71Dcfc8A058B78D32fDB2F4Aa33f662EB5374AFF,7,1676388683,primary
Action458119,Action458119,NEXT_STEP,0x71Dcfc8A058B78D32fDB2F4Aa33f662EB5374AFF,8,1676388683,primary
Action458119,Action458133,NEXT_STEP,0x71Dcfc8A058B78D32fDB2F4Aa33f662EB5374AFF,9,1676388683,primary
Action458133,Action461971,NEXT_STEP,0x71Dcfc8A058B78D32fDB2F4Aa33f662EB5374AFF,10,1676388683,primary
Action461971,Action458121,NEXT_STEP,0x71Dcfc8A058B78D32fDB2F4Aa33f662EB5374AFF,11,1676388683,primary
Action458119,Action458115,NEXT_STEP,0x5aB37B6a89cDa52524936C6AD64e2474D3E5452D,1,1675311335,primary
Action458115,Action458115,NEXT_STEP,0x5aB37B6a89cDa52524936C6AD64e2474D3E5452D,2,1675311335,primary
Action458115,Action458115,NEXT_STEP,0x5aB37B6a89cDa52524936C6AD64e2474D3E5452D,3,1675311335,primary
Action458115,Action458119,NEXT_STEP,0x5aB37B6a89cDa52524936C6AD64e2474D3E5452D,4,1675311335,primary
Action458119,Action458115,NEXT_STEP,0x5aB37B6a89cDa52524936C6AD64e2474D3E5452D,5,1675311335,primary
Action458115,Action458119,NEXT_STEP,0x5aB37B6a89cDa52524936C6AD64e2474D3E5452D,6,1675311335,primary
Action458119,Action458115,NEXT_STEP,0x5aB37B6a89cDa52524936C6AD64e2474D3E5452D,7,1675311335,primary
Action458115,Action458115,NEXT_STEP,0x5aB37B6a89cDa52524936C6AD64e2474D3E5452D,8,1675311335,primary
Action458115,Action458115,NEXT_STEP,0x5aB37B6a89cDa52524936C6AD64e2474D3E5452D,9,1675311335,primary
Action458115,Action458115,NEXT_STEP,0x5aB37B6a89cDa52524936C6AD64e2474D3E5452D,10,1675311335,primary
Action458115,Action458115,NEXT_STEP,0x5aB37B6a89cDa52524936C6AD64e2474D3E5452D,11,1675311335,primary
Action458115,Action458115,NEXT_STEP,0x5aB37B6a89cDa52524936C6AD64e2474D3E5452D,12,1675311335,primary
Action458115,Action458135,NEXT_STEP,0x5aB37B6a89cDa52524936C6AD64e2474D3E5452D,13,1675311335,primary
Action458135,Action458135,NEXT_STEP,0x5aB37B6a89cDa52524936C6AD64e2474D3E5452D,14,1675311335,primary
Action458135,Action458133,NEXT_STEP,0x5aB37B6a89cDa52524936C6AD64e2474D3E5452D,15,1675311335,primary
Action458133,Action458131,NEXT_STEP,0x5aB37B6a89cDa52524936C6AD64e2474D3E5452D,16,1675311335,primary
Action458119,Action458115,NEXT_STEP,0x496D94e31776122d1aBF412E6a1fdBFe92C31b17,1,1675018127,primary
Action458115,Action458115,NEXT_STEP,0x496D94e31776122d1aBF412E6a1fdBFe92C31b17,2,1675018127,primary
Action458115,Action458150,NEXT_STEP,0x496D94e31776122d1aBF412E6a1fdBFe92C31b17,3,1675018127,primary
Action458150,Action458135,NEXT_STEP,0x496D94e31776122d1aBF412E6a1fdBFe92C31b17,4,1675018127,primary
Action458135,Action458119,NEXT_STEP,0x496D94e31776122d1aBF412E6a1fdBFe92C31b17,5,1675021343,primary
Action458119,Action458115,NEXT_STEP,0x496D94e31776122d1aBF412E6a1fdBFe92C31b17,6,1675021343,primary
Action458115,Action458115,NEXT_STEP,0x496D94e31776122d1aBF412E6a1fdBFe92C31b17,7,1675021343,primary
Action458115,Action458150,NEXT_STEP,0x496D94e31776122d1aBF412E6a1fdBFe92C31b17,8,1675021343,primary
Action458150,Action458135,NEXT_STEP,0x496D94e31776122d1aBF412E6a1fdBFe92C31b17,9,1675021343,primary
Action458119,Action461971,NEXT_STEP,0x3e0537982aa8ae8253ff136C898A04F5e346Ba5B,1,1676227823,primary
Action461971,Action458133,NEXT_STEP,0x3e0537982aa8ae8253ff136C898A04F5e346Ba5B,2,1676227823,primary
Action458133,Action458119,NEXT_STEP,0x3e0537982aa8ae8253ff136C898A04F5e346Ba5B,3,1676228435,primary
Action458119,Action458115,NEXT_STEP,0x3e0537982aa8ae8253ff136C898A04F5e346Ba5B,4,1676228435,primary
Action458115,Action458119,NEXT_STEP,0x3e0537982aa8ae8253ff136C898A04F5e346Ba5B,5,1676228435,primary
Action458119,Action458133,NEXT_STEP,0x3e0537982aa8ae8253ff136C898A04F5e346Ba5B,6,1676228435,primary
Action458133,Action461971,NEXT_STEP,0x3e0537982aa8ae8253ff136C898A04F5e346Ba5B,7,1676228435,primary
Action461971,Action458135,NEXT_STEP,0x3e0537982aa8ae8253ff136C898A04F5e346Ba5B,8,1676228435,primary
Action458119,Action458150,NEXT_STEP,0xea47e693e8D51d5918f7614D6F5064CE90AdD527,1,1676283899,primary
Action458150,Action458132,NEXT_STEP,0xea47e693e8D51d5918f7614D6F5064CE90AdD527,2,1676283899,primary
Action458132,Action458119,NEXT_STEP,0xea47e693e8D51d5918f7614D6F5064CE90AdD527,3,1676283899,primary
Action458119,Action458124,NEXT_STEP,0xea47e693e8D51d5918f7614D6F5064CE90AdD527,4,1676283899,primary
Action458124,Action458119,NEXT_STEP,0xea47e693e8D51d5918f7614D6F5064CE90AdD527,5,1676284007,primary
Action458119,Action458132,NEXT_STEP,0xea47e693e8D51d5918f7614D6F5064CE90AdD527,6,1676284007,primary
Action458132,Action458124,NEXT_STEP,0xea47e693e8D51d5918f7614D6F5064CE90AdD527,7,1676284007,primary
Action458124,Action458119,NEXT_STEP,0xea47e693e8D51d5918f7614D6F5064CE90AdD527,8,1676284067,primary
Action458119,Action458126,NEXT_STEP,0xea47e693e8D51d5918f7614D6F5064CE90AdD527,9,1676284067,primary
Action458126,Action458129,NEXT_STEP,0xea47e693e8D51d5918f7614D6F5064CE90AdD527,10,1676284067,primary
Action458129,Action458121,NEXT_STEP,0xea47e693e8D51d5918f7614D6F5064CE90AdD527,11,1676284067,primary
Action458121,Action458119,NEXT_STEP,0xea47e693e8D51d5918f7614D6F5064CE90AdD527,12,1676284115,primary
Action458119,Action458592,NEXT_STEP,0xea47e693e8D51d5918f7614D6F5064CE90AdD527,13,1676284115,primary
Action458592,Action458129,NEXT_STEP,0xea47e693e8D51d5918f7614D6F5064CE90AdD527,14,1676284115,primary
Action458129,Action458130,NEXT_STEP,0xea47e693e8D51d5918f7614D6F5064CE90AdD527,15,1676284115,primary
Action458130,Action458119,NEXT_STEP,0xea47e693e8D51d5918f7614D6F5064CE90AdD527,16,1676285375,primary
Action458119,Action458119,NEXT_STEP,0xea47e693e8D51d5918f7614D6F5064CE90AdD527,17,1676285375,primary
Action458119,Action458133,NEXT_STEP,0xea47e693e8D51d5918f7614D6F5064CE90AdD527,18,1676285375,primary
Action458133,Action461971,NEXT_STEP,0xea47e693e8D51d5918f7614D6F5064CE90AdD527,19,1676285375,primary
Action461971,Action458119,NEXT_STEP,0xea47e693e8D51d5918f7614D6F5064CE90AdD527,20,1676555195,primary
Action458119,Action461971,NEXT_STEP,0xea47e693e8D51d5918f7614D6F5064CE90AdD527,21,1676555195,primary
Action461971,Action458133,NEXT_STEP,0xea47e693e8D51d5918f7614D6F5064CE90AdD527,22,1676555195,primary
Action458119,Action458150,NEXT_STEP,0x2b24337A5ab26E66c194702D43c0d88fEBba80D8,1,1673186099,primary
Action458150,Action458133,NEXT_STEP,0x2b24337A5ab26E66c194702D43c0d88fEBba80D8,2,1673186099,primary
Action458119,Action461971,NEXT_STEP,0xB63860B65Bbe8995E104036394Ede3B95E29B394,1,1676504075,primary
Action461971,Action458133,NEXT_STEP,0xB63860B65Bbe8995E104036394Ede3B95E29B394,2,1676504075,primary
Action458138,Action458119,NEXT_STEP,0x0b33d609043fD4a99f656993884D6867BeAE77E7,1,1673237603,primary
Action458119,Action458131,NEXT_STEP,0x0b33d609043fD4a99f656993884D6867BeAE77E7,2,1673237603,primary
Action458131,Action458133,NEXT_STEP,0x0b33d609043fD4a99f656993884D6867BeAE77E7,3,1673237603,primary
Action458133,Action458121,NEXT_STEP,0x0b33d609043fD4a99f656993884D6867BeAE77E7,4,1673237603,primary
Action458119,Action458115,NEXT_STEP,0x3Ad0452bED4C54F1f8dfef82bA64a03F22cBF271,1,1676414627,primary
Action458115,Action458119,NEXT_STEP,0x3Ad0452bED4C54F1f8dfef82bA64a03F22cBF271,2,1676414627,primary
Action458119,Action458133,NEXT_STEP,0x3Ad0452bED4C54F1f8dfef82bA64a03F22cBF271,3,1676414627,primary
Action458133,Action458121,NEXT_STEP,0x3Ad0452bED4C54F1f8dfef82bA64a03F22cBF271,4,1676414627,primary
Action458121,Action458143,NEXT_STEP,0x3Ad0452bED4C54F1f8dfef82bA64a03F22cBF271,5,1676414627,primary
Action458119,Action458150,NEXT_STEP,0x6D3eb30103439c49eD2355369DaC1D7fc54244EA,1,1675448831,primary
Action458150,Action458133,NEXT_STEP,0x6D3eb30103439c49eD2355369DaC1D7fc54244EA,2,1675448831,primary
Action458119,Action458150,NEXT_STEP,0x951802e544Ed6a277874B45A61FfCC668c0e80A0,1,1673225687,primary
Action458150,Action458133,NEXT_STEP,0x951802e544Ed6a277874B45A61FfCC668c0e80A0,2,1673225687,primary
Action458119,Action458150,NEXT_STEP,0xe6080c5F2ccCc4923f8079FbA2828Be848d8901e,1,1675015415,primary
Action458150,Action458119,NEXT_STEP,0xe6080c5F2ccCc4923f8079FbA2828Be848d8901e,2,1675015415,primary
Action458119,Action458133,NEXT_STEP,0xe6080c5F2ccCc4923f8079FbA2828Be848d8901e,3,1675015415,primary
Action458133,Action458119,NEXT_STEP,0xe6080c5F2ccCc4923f8079FbA2828Be848d8901e,4,1675016087,primary
Action458119,Action461971,NEXT_STEP,0xe6080c5F2ccCc4923f8079FbA2828Be848d8901e,5,1675016087,primary
Action461971,Action458133,NEXT_STEP,0xe6080c5F2ccCc4923f8079FbA2828Be848d8901e,6,1675016087,primary
Action458133,Action458121,NEXT_STEP,0xe6080c5F2ccCc4923f8079FbA2828Be848d8901e,7,1675016087,primary
Action458119,Action461971,NEXT_STEP,0x8768EA1eb535D5379eB6e21204FBcdb8D15CaB68,1,1676687015,primary
Action461971,Action458133,NEXT_STEP,0x8768EA1eb535D5379eB6e21204FBcdb8D15CaB68,2,1676687015,primary
Action458133,Action458121,NEXT_STEP,0x8768EA1eb535D5379eB6e21204FBcdb8D15CaB68,3,1676687015,primary
Action458121,Action458119,NEXT_STEP,0x8768EA1eb535D5379eB6e21204FBcdb8D15CaB68,4,1676755931,primary
Action458119,Action458133,NEXT_STEP,0x8768EA1eb535D5379eB6e21204FBcdb8D15CaB68,5,1676755931,primary
Action458133,Action458121,NEXT_STEP,0x8768EA1eb535D5379eB6e21204FBcdb8D15CaB68,6,1676755931,primary
Action458119,Action458131,NEXT_STEP,0xFb3A25be6eCB88A1Db250798676FF16169A38D06,1,1674358355,primary
Action458131,Action458133,NEXT_STEP,0xFb3A25be6eCB88A1Db250798676FF16169A38D06,2,1674358355,primary
Action458119,Action458150,NEXT_STEP,0xF8f961B0364261a258Ae1ceD3F9C93381bab4ADE,1,1675174343,primary
Action458150,Action458119,NEXT_STEP,0xF8f961B0364261a258Ae1ceD3F9C93381bab4ADE,2,1675174343,primary
Action458119,Action458133,NEXT_STEP,0xF8f961B0364261a258Ae1ceD3F9C93381bab4ADE,3,1675174343,primary
Action458215,Action458223,NEXT_STEP,0xCdE7745B6B31bCD0a4374D8047e4B8Dff90F1D86,1,1677174119,primary
Action458223,Action458215,NEXT_STEP,0xCdE7745B6B31bCD0a4374D8047e4B8Dff90F1D86,2,1677174119,primary
Action458215,Action458213,NEXT_STEP,0xCdE7745B6B31bCD0a4374D8047e4B8Dff90F1D86,3,1677174119,primary
Action458213,Action458215,NEXT_STEP,0xCdE7745B6B31bCD0a4374D8047e4B8Dff90F1D86,4,1677174119,primary
Action458215,Action458225,NEXT_STEP,0xCdE7745B6B31bCD0a4374D8047e4B8Dff90F1D86,5,1677174119,primary
Action458225,Action458225,NEXT_STEP,0xCdE7745B6B31bCD0a4374D8047e4B8Dff90F1D86,6,1677174119,primary
Action458225,Action458215,NEXT_STEP,0xCdE7745B6B31bCD0a4374D8047e4B8Dff90F1D86,7,1677174119,primary
Action458215,Action458119,NEXT_STEP,0xCdE7745B6B31bCD0a4374D8047e4B8Dff90F1D86,8,1677174119,primary
Action458119,Action458119,NEXT_STEP,0xCdE7745B6B31bCD0a4374D8047e4B8Dff90F1D86,9,1677174119,primary
Action458119,Action458125,NEXT_STEP,0xCdE7745B6B31bCD0a4374D8047e4B8Dff90F1D86,10,1677174119,primary
Action458125,Action458215,NEXT_STEP,0xCdE7745B6B31bCD0a4374D8047e4B8Dff90F1D86,11,1677174119,primary
Action458215,Action458227,NEXT_STEP,0xCdE7745B6B31bCD0a4374D8047e4B8Dff90F1D86,12,1677174119,primary
Action458802,Action458803,NEXT_STEP,0x331FBEaBe4c887E3dbc5baE0673537377319f628,1,1673769731,primary
Action458803,Action458150,NEXT_STEP,0x331FBEaBe4c887E3dbc5baE0673537377319f628,2,1673769731,primary
Action458150,Action458132,NEXT_STEP,0x331FBEaBe4c887E3dbc5baE0673537377319f628,3,1673769731,primary
Action458132,Action458119,NEXT_STEP,0x331FBEaBe4c887E3dbc5baE0673537377319f628,4,1673769731,primary
Action458119,Action458124,NEXT_STEP,0x331FBEaBe4c887E3dbc5baE0673537377319f628,5,1673769731,primary
Action458124,Action458119,NEXT_STEP,0x331FBEaBe4c887E3dbc5baE0673537377319f628,6,1673770163,primary
Action458119,Action458150,NEXT_STEP,0x331FBEaBe4c887E3dbc5baE0673537377319f628,7,1673770163,primary
Action458150,Action458133,NEXT_STEP,0x331FBEaBe4c887E3dbc5baE0673537377319f628,8,1673770163,primary
Action458133,Action458129,NEXT_STEP,0x331FBEaBe4c887E3dbc5baE0673537377319f628,9,1673770619,primary
Action458129,Action458119,NEXT_STEP,0x331FBEaBe4c887E3dbc5baE0673537377319f628,10,1673770619,primary
Action458119,Action458592,NEXT_STEP,0x331FBEaBe4c887E3dbc5baE0673537377319f628,11,1673770619,primary
Action458592,Action458592,NEXT_STEP,0x331FBEaBe4c887E3dbc5baE0673537377319f628,12,1673770619,primary
Action458592,Action458119,NEXT_STEP,0x331FBEaBe4c887E3dbc5baE0673537377319f628,13,1673771039,primary
Action458119,Action458133,NEXT_STEP,0x331FBEaBe4c887E3dbc5baE0673537377319f628,14,1673771039,primary
Action458133,Action458121,NEXT_STEP,0x331FBEaBe4c887E3dbc5baE0673537377319f628,15,1673771039,primary
Action458121,Action458119,NEXT_STEP,0x331FBEaBe4c887E3dbc5baE0673537377319f628,16,1673771267,primary
Action458119,Action458150,NEXT_STEP,0x331FBEaBe4c887E3dbc5baE0673537377319f628,17,1673771267,primary
Action458150,Action458132,NEXT_STEP,0x331FBEaBe4c887E3dbc5baE0673537377319f628,18,1673771267,primary
Action458132,Action458124,NEXT_STEP,0x331FBEaBe4c887E3dbc5baE0673537377319f628,19,1673771267,primary
Action458124,Action458119,NEXT_STEP,0x331FBEaBe4c887E3dbc5baE0673537377319f628,20,1673771435,primary
Action458119,Action458150,NEXT_STEP,0x331FBEaBe4c887E3dbc5baE0673537377319f628,21,1673771435,primary
Action458150,Action458133,NEXT_STEP,0x331FBEaBe4c887E3dbc5baE0673537377319f628,22,1673771435,primary
Action458133,Action458119,NEXT_STEP,0x331FBEaBe4c887E3dbc5baE0673537377319f628,23,1673771483,primary
Action458119,Action458150,NEXT_STEP,0x331FBEaBe4c887E3dbc5baE0673537377319f628,24,1673771483,primary
Action458150,Action458133,NEXT_STEP,0x331FBEaBe4c887E3dbc5baE0673537377319f628,25,1673771483,primary
Action458133,Action458119,NEXT_STEP,0x331FBEaBe4c887E3dbc5baE0673537377319f628,26,1673771927,primary
Action458119,Action458126,NEXT_STEP,0x331FBEaBe4c887E3dbc5baE0673537377319f628,27,1673771927,primary
Action458126,Action458129,NEXT_STEP,0x331FBEaBe4c887E3dbc5baE0673537377319f628,28,1673771927,primary
Action458129,Action458121,NEXT_STEP,0x331FBEaBe4c887E3dbc5baE0673537377319f628,29,1673771927,primary
Action458121,Action458119,NEXT_STEP,0x331FBEaBe4c887E3dbc5baE0673537377319f628,30,1673771939,primary
Action458119,Action458186,NEXT_STEP,0x331FBEaBe4c887E3dbc5baE0673537377319f628,31,1673771939,primary
Action458186,Action458130,NEXT_STEP,0x331FBEaBe4c887E3dbc5baE0673537377319f628,32,1673771939,primary
Action458130,Action458121,NEXT_STEP,0x331FBEaBe4c887E3dbc5baE0673537377319f628,33,1673771939,primary
Action458121,Action458119,NEXT_STEP,0x331FBEaBe4c887E3dbc5baE0673537377319f628,34,1673772083,primary
Action458119,Action458150,NEXT_STEP,0x331FBEaBe4c887E3dbc5baE0673537377319f628,35,1673772083,primary
Action458150,Action458133,NEXT_STEP,0x331FBEaBe4c887E3dbc5baE0673537377319f628,36,1673772083,primary
Action458133,Action458119,NEXT_STEP,0x331FBEaBe4c887E3dbc5baE0673537377319f628,37,1673772599,primary
Action458119,Action458126,NEXT_STEP,0x331FBEaBe4c887E3dbc5baE0673537377319f628,38,1673772599,primary
Action458126,Action458129,NEXT_STEP,0x331FBEaBe4c887E3dbc5baE0673537377319f628,39,1673772599,primary
Action458129,Action458130,NEXT_STEP,0x331FBEaBe4c887E3dbc5baE0673537377319f628,40,1673772599,primary
Action458130,Action458121,NEXT_STEP,0x331FBEaBe4c887E3dbc5baE0673537377319f628,41,1673772599,primary
Action458121,Action458802,NEXT_STEP,0x331FBEaBe4c887E3dbc5baE0673537377319f628,42,1673773943,primary
Action458802,Action458803,NEXT_STEP,0x331FBEaBe4c887E3dbc5baE0673537377319f628,43,1673773943,primary
Action458803,Action458150,NEXT_STEP,0x331FBEaBe4c887E3dbc5baE0673537377319f628,44,1673773943,primary
Action458150,Action458132,NEXT_STEP,0x331FBEaBe4c887E3dbc5baE0673537377319f628,45,1673773943,primary
Action458132,Action458119,NEXT_STEP,0x331FBEaBe4c887E3dbc5baE0673537377319f628,46,1673773943,primary
Action458119,Action458124,NEXT_STEP,0x331FBEaBe4c887E3dbc5baE0673537377319f628,47,1673773943,primary
Action458124,Action458119,NEXT_STEP,0x331FBEaBe4c887E3dbc5baE0673537377319f628,48,1673774099,primary
Action458119,Action458150,NEXT_STEP,0x331FBEaBe4c887E3dbc5baE0673537377319f628,49,1673774099,primary
Action458150,Action458133,NEXT_STEP,0x331FBEaBe4c887E3dbc5baE0673537377319f628,50,1673774099,primary
Action458133,Action458119,NEXT_STEP,0x331FBEaBe4c887E3dbc5baE0673537377319f628,51,1673774267,primary
Action458119,Action458150,NEXT_STEP,0x331FBEaBe4c887E3dbc5baE0673537377319f628,52,1673774267,primary
Action458150,Action458133,NEXT_STEP,0x331FBEaBe4c887E3dbc5baE0673537377319f628,53,1673774267,primary
Action458133,Action458119,NEXT_STEP,0x331FBEaBe4c887E3dbc5baE0673537377319f628,54,1673774339,primary
Action458119,Action458150,NEXT_STEP,0x331FBEaBe4c887E3dbc5baE0673537377319f628,55,1673774339,primary
Action458150,Action458133,NEXT_STEP,0x331FBEaBe4c887E3dbc5baE0673537377319f628,56,1673774339,primary
Action458133,Action458119,NEXT_STEP,0x331FBEaBe4c887E3dbc5baE0673537377319f628,57,1673774507,primary
Action458119,Action458150,NEXT_STEP,0x331FBEaBe4c887E3dbc5baE0673537377319f628,58,1673774507,primary
Action458150,Action458133,NEXT_STEP,0x331FBEaBe4c887E3dbc5baE0673537377319f628,59,1673774507,primary
Action458133,Action458119,NEXT_STEP,0x331FBEaBe4c887E3dbc5baE0673537377319f628,60,1673842703,primary
Action458119,Action458133,NEXT_STEP,0x331FBEaBe4c887E3dbc5baE0673537377319f628,61,1673842703,primary
Action458133,Action458121,NEXT_STEP,0x331FBEaBe4c887E3dbc5baE0673537377319f628,62,1673842703,primary
Action458121,Action458119,NEXT_STEP,0x331FBEaBe4c887E3dbc5baE0673537377319f628,63,1673842751,primary
Action458119,Action458126,NEXT_STEP,0x331FBEaBe4c887E3dbc5baE0673537377319f628,64,1673842751,primary
Action458126,Action458129,NEXT_STEP,0x331FBEaBe4c887E3dbc5baE0673537377319f628,65,1673842751,primary
Action458129,Action458130,NEXT_STEP,0x331FBEaBe4c887E3dbc5baE0673537377319f628,66,1673842751,primary
Action458130,Action458121,NEXT_STEP,0x331FBEaBe4c887E3dbc5baE0673537377319f628,67,1673842751,primary
Action458121,Action458119,NEXT_STEP,0x331FBEaBe4c887E3dbc5baE0673537377319f628,68,1675234763,primary
Action458119,Action458119,NEXT_STEP,0x331FBEaBe4c887E3dbc5baE0673537377319f628,69,1675234763,primary
Action458119,Action458133,NEXT_STEP,0x331FBEaBe4c887E3dbc5baE0673537377319f628,70,1675234763,primary
Action458133,Action458131,NEXT_STEP,0x331FBEaBe4c887E3dbc5baE0673537377319f628,71,1675234763,primary
Action458131,Action458121,NEXT_STEP,0x331FBEaBe4c887E3dbc5baE0673537377319f628,72,1675234763,primary
Action458119,Action458150,NEXT_STEP,0xa777cf52F7423Ca76582089e6705EC5608F8360C,1,1674713195,primary
Action458150,Action458119,NEXT_STEP,0xa777cf52F7423Ca76582089e6705EC5608F8360C,2,1674713195,primary
Action458119,Action458133,NEXT_STEP,0xa777cf52F7423Ca76582089e6705EC5608F8360C,3,1674713195,primary
Action458133,Action458121,NEXT_STEP,0xa777cf52F7423Ca76582089e6705EC5608F8360C,4,1674713195,primary
Action458119,Action458119,NEXT_STEP,0xD94fb9394DBF776A292631a537CD2D80b7Be9481,1,1674147419,primary
Action458119,Action458115,NEXT_STEP,0xD94fb9394DBF776A292631a537CD2D80b7Be9481,2,1674147419,primary
Action458115,Action458150,NEXT_STEP,0xD94fb9394DBF776A292631a537CD2D80b7Be9481,3,1674147419,primary
Action458150,Action458119,NEXT_STEP,0xD94fb9394DBF776A292631a537CD2D80b7Be9481,4,1674325379,primary
Action458119,Action458150,NEXT_STEP,0xD94fb9394DBF776A292631a537CD2D80b7Be9481,5,1674325379,primary
Action458150,Action458119,NEXT_STEP,0xD94fb9394DBF776A292631a537CD2D80b7Be9481,6,1674325379,primary
Action458119,Action458133,NEXT_STEP,0xD94fb9394DBF776A292631a537CD2D80b7Be9481,7,1674325379,primary
Action458133,Action458121,NEXT_STEP,0xD94fb9394DBF776A292631a537CD2D80b7Be9481,8,1674325379,primary
Action458121,Action458119,NEXT_STEP,0xD94fb9394DBF776A292631a537CD2D80b7Be9481,9,1674388391,primary
Action458119,Action458150,NEXT_STEP,0xD94fb9394DBF776A292631a537CD2D80b7Be9481,10,1674388391,primary
Action458150,Action458119,NEXT_STEP,0xD94fb9394DBF776A292631a537CD2D80b7Be9481,11,1674388391,primary
Action458119,Action458133,NEXT_STEP,0xD94fb9394DBF776A292631a537CD2D80b7Be9481,12,1674388391,primary
Action458133,Action458121,NEXT_STEP,0xD94fb9394DBF776A292631a537CD2D80b7Be9481,13,1674388391,primary
