:START_ID(Token),:END_ID(Action),:TYPE,address,timestamp
Token456048,Action461971,USED_BY,0xF96Adc5055ad4Bf0818edaEfd13C6a6d88021754,1676282279
Token448986,Action461971,USED_BY,0xF96Adc5055ad4Bf0818edaEfd13C6a6d88021754,1676373539
Token453411,Action461971,USED_BY,0x8eB0b86Af71Ac159D8E376192D8BB6a731779206,1676520431
Token456964,Action458119,USED_BY,0xe19825e5E4804CE447Cc695971b92603137C614f,1675005287
Token452159,Action458232,USED_BY,0xe19825e5E4804CE447Cc695971b92603137C614f,1675477907
Token457432,Action458119,USED_BY,0xe19825e5E4804CE447Cc695971b92603137C614f,1675588451
Token456513,Action458119,USED_BY,0xe19825e5E4804CE447Cc695971b92603137C614f,1675588451
Token457432,Action458115,USED_BY,0xe19825e5E4804CE447Cc695971b92603137C614f,1675588451
Token456513,Action458115,USED_BY,0xe19825e5E4804CE447Cc695971b92603137C614f,1675588451
Token456964,Action458119,USED_BY,0xe19825e5E4804CE447Cc695971b92603137C614f,1675630679
Token456964,Action458119,USED_BY,0xe19825e5E4804CE447Cc695971b92603137C614f,1676619323
Token456964,Action458115,USED_BY,0xe19825e5E4804CE447Cc695971b92603137C614f,1676619323
Token448657,Action461971,USED_BY,0xF2B91b26F0380C526144580CddA7a316E8223daD,1677489383
Token451128,Action458119,USED_BY,0xBbe0252Bc2Ae7508549805FeD9443C3F1CEfC235,1672875839
Token451128,Action458150,USED_BY,0xBbe0252Bc2Ae7508549805FeD9443C3F1CEfC235,1672875839
Token451128,Action458132,USED_BY,0xBbe0252Bc2Ae7508549805FeD9443C3F1CEfC235,1672875839
Token451128,Action458119,USED_BY,0xBbe0252Bc2Ae7508549805FeD9443C3F1CEfC235,1673652263
Token451128,Action458126,USED_BY,0xBbe0252Bc2Ae7508549805FeD9443C3F1CEfC235,1673652263
Token451128,Action458129,USED_BY,0xBbe0252Bc2Ae7508549805FeD9443C3F1CEfC235,1673652263
Token451128,Action458121,USED_BY,0xBbe0252Bc2Ae7508549805FeD9443C3F1CEfC235,1673652263
Token455766,Action461971,USED_BY,0xddd9E74703eE3dFA959c94B2e591Ed9349939a32,1676275607
Token452332,Action458119,USED_BY,0xAFe2ddF627A75465dE8ae39c327Bb0691be09B65,1674221627
Token456513,Action458119,USED_BY,0xAFe2ddF627A75465dE8ae39c327Bb0691be09B65,1674221627
Token452332,Action458115,USED_BY,0xAFe2ddF627A75465dE8ae39c327Bb0691be09B65,1674221627
Token456513,Action458115,USED_BY,0xAFe2ddF627A75465dE8ae39c327Bb0691be09B65,1674221627
Token456204,Action458119,USED_BY,0xAFe2ddF627A75465dE8ae39c327Bb0691be09B65,1674221627
Token457040,Action461971,USED_BY,0xAFe2ddF627A75465dE8ae39c327Bb0691be09B65,1674221627
Token455449,Action458119,USED_BY,0xAFe2ddF627A75465dE8ae39c327Bb0691be09B65,1674221795
Token454277,Action461971,USED_BY,0xAFe2ddF627A75465dE8ae39c327Bb0691be09B65,1674221795
Token457484,Action461971,USED_BY,0xc725c014BCc978e1d15aB76aaE7DDd03BbB99681,1675272155
Token450168,Action461971,USED_BY,0x0d64113b7e1a6c0BFfDb46095547815b22B969aF,1675782539
Token449248,Action458134,USED_BY,0xB70Cf81f15658DfB34df48b2f6E48e58d7015034,1677483311
Token449248,Action458115,USED_BY,0xB70Cf81f15658DfB34df48b2f6E48e58d7015034,1677483311
Token449248,Action458115,USED_BY,0xB70Cf81f15658DfB34df48b2f6E48e58d7015034,1677483311
Token449248,Action458119,USED_BY,0xB70Cf81f15658DfB34df48b2f6E48e58d7015034,1677483311
Token449248,Action458134,USED_BY,0xB70Cf81f15658DfB34df48b2f6E48e58d7015034,1677483311
Token449248,Action458134,USED_BY,0xB70Cf81f15658DfB34df48b2f6E48e58d7015034,1677483311
Token449248,Action458134,USED_BY,0xB70Cf81f15658DfB34df48b2f6E48e58d7015034,1677483311
Token449248,Action458115,USED_BY,0xB70Cf81f15658DfB34df48b2f6E48e58d7015034,1677483311
Token455582,Action461971,USED_BY,0xCb96161039F0438A606c6172516B31001b377EF4,1674146855
Token448401,Action458232,USED_BY,0xa4711AEdCBA8527e7F00C22bA7934420A8dC41d5,1673786927
Token448963,Action461971,USED_BY,0x05f51de33bD21abD4172634eDDC78c8884212033,1675039367
Token456295,Action458119,USED_BY,0x05f51de33bD21abD4172634eDDC78c8884212033,1676253035
Token456048,Action461971,USED_BY,0x68894A7e354B6B184d62aEc8Cb48f05202e5E4c2,1676147495
Token453411,Action461971,USED_BY,0x68894A7e354B6B184d62aEc8Cb48f05202e5E4c2,1676471903
Token456048,Action460700,USED_BY,0x7F6dFd48E5585A0984A7D4f3eF3966dD4c6bD849,1674631199
Token456177,Action460700,USED_BY,0x7F6dFd48E5585A0984A7D4f3eF3966dD4c6bD849,1674631199
Token454610,Action458125,USED_BY,0x7F6dFd48E5585A0984A7D4f3eF3966dD4c6bD849,1677045335
Token448424,Action461971,USED_BY,0x1878a187b0046feee03433C01c15fd77ACf475D3,1675495691
Token451128,Action458119,USED_BY,0x8b65FF74d2f1d9b31D647c7719895e50DeeEda69,1676256275
Token451128,Action458150,USED_BY,0x8b65FF74d2f1d9b31D647c7719895e50DeeEda69,1676256275
Token451128,Action458132,USED_BY,0x8b65FF74d2f1d9b31D647c7719895e50DeeEda69,1676256275
Token453276,Action461971,USED_BY,0x8520d229f90993032973f6cB6bF83562FAcAb15E,1674926687
Token451523,Action461971,USED_BY,0x8520d229f90993032973f6cB6bF83562FAcAb15E,1675442243
Token455566,Action458119,USED_BY,0x190f6e6E25e2cDc448894372e29B9a4CCE92F793,1677317327
Token455566,Action458115,USED_BY,0x190f6e6E25e2cDc448894372e29B9a4CCE92F793,1677317327
Token453276,Action461971,USED_BY,0x190f6e6E25e2cDc448894372e29B9a4CCE92F793,1677317327
Token453276,Action461971,USED_BY,0x71Dcfc8A058B78D32fDB2F4Aa33f662EB5374AFF,1676388683
Token454464,Action458115,USED_BY,0x5aB37B6a89cDa52524936C6AD64e2474D3E5452D,1675311335
Token458059,Action458115,USED_BY,0x5aB37B6a89cDa52524936C6AD64e2474D3E5452D,1675311335
Token454464,Action458115,USED_BY,0x5aB37B6a89cDa52524936C6AD64e2474D3E5452D,1675311335
Token454464,Action458115,USED_BY,0x5aB37B6a89cDa52524936C6AD64e2474D3E5452D,1675311335
Token454464,Action458119,USED_BY,0x5aB37B6a89cDa52524936C6AD64e2474D3E5452D,1675311335
Token454464,Action458115,USED_BY,0x5aB37B6a89cDa52524936C6AD64e2474D3E5452D,1675311335
Token458059,Action458115,USED_BY,0x5aB37B6a89cDa52524936C6AD64e2474D3E5452D,1675311335
Token454464,Action458115,USED_BY,0x5aB37B6a89cDa52524936C6AD64e2474D3E5452D,1675311335
Token458059,Action458115,USED_BY,0x5aB37B6a89cDa52524936C6AD64e2474D3E5452D,1675311335
Token454464,Action458115,USED_BY,0x5aB37B6a89cDa52524936C6AD64e2474D3E5452D,1675311335
Token458059,Action458115,USED_BY,0x5aB37B6a89cDa52524936C6AD64e2474D3E5452D,1675311335
Token454464,Action458115,USED_BY,0x5aB37B6a89cDa52524936C6AD64e2474D3E5452D,1675311335
Token458059,Action458115,USED_BY,0x5aB37B6a89cDa52524936C6AD64e2474D3E5452D,1675311335
Token454464,Action458115,USED_BY,0x5aB37B6a89cDa52524936C6AD64e2474D3E5452D,1675311335
Token458059,Action458115,USED_BY,0x5aB37B6a89cDa52524936C6AD64e2474D3E5452D,1675311335
Token458059,Action458115,USED_BY,0x5aB37B6a89cDa52524936C6AD64e2474D3E5452D,1675311335
Token454464,Action458115,USED_BY,0x5aB37B6a89cDa52524936C6AD64e2474D3E5452D,1675311335
Token452470,Action458119,USED_BY,0x496D94e31776122d1aBF412E6a1fdBFe92C31b17,1675018127
Token452470,Action458115,USED_BY,0x496D94e31776122d1aBF412E6a1fdBFe92C31b17,1675018127
Token450617,Action458115,USED_BY,0x496D94e31776122d1aBF412E6a1fdBFe92C31b17,1675018127
Token452470,Action458119,USED_BY,0x496D94e31776122d1aBF412E6a1fdBFe92C31b17,1675021343
Token452470,Action458115,USED_BY,0x496D94e31776122d1aBF412E6a1fdBFe92C31b17,1675021343
Token450617,Action458115,USED_BY,0x496D94e31776122d1aBF412E6a1fdBFe92C31b17,1675021343
Token451873,Action461971,USED_BY,0x3e0537982aa8ae8253ff136C898A04F5e346Ba5B,1676227823
Token454295,Action458119,USED_BY,0x3e0537982aa8ae8253ff136C898A04F5e346Ba5B,1676228435
Token454295,Action458115,USED_BY,0x3e0537982aa8ae8253ff136C898A04F5e346Ba5B,1676228435
Token450825,Action461971,USED_BY,0x3e0537982aa8ae8253ff136C898A04F5e346Ba5B,1676228435
Token451128,Action458119,USED_BY,0xea47e693e8D51d5918f7614D6F5064CE90AdD527,1676283899
Token451128,Action458150,USED_BY,0xea47e693e8D51d5918f7614D6F5064CE90AdD527,1676283899
Token451128,Action458132,USED_BY,0xea47e693e8D51d5918f7614D6F5064CE90AdD527,1676283899
Token451128,Action458132,USED_BY,0xea47e693e8D51d5918f7614D6F5064CE90AdD527,1676284007
Token451128,Action458119,USED_BY,0xea47e693e8D51d5918f7614D6F5064CE90AdD527,1676284067
Token451128,Action458126,USED_BY,0xea47e693e8D51d5918f7614D6F5064CE90AdD527,1676284067
Token451128,Action458129,USED_BY,0xea47e693e8D51d5918f7614D6F5064CE90AdD527,1676284067
Token451128,Action458121,USED_BY,0xea47e693e8D51d5918f7614D6F5064CE90AdD527,1676284067
Token451128,Action458592,USED_BY,0xea47e693e8D51d5918f7614D6F5064CE90AdD527,1676284115
Token451128,Action458129,USED_BY,0xea47e693e8D51d5918f7614D6F5064CE90AdD527,1676284115
Token456048,Action461971,USED_BY,0xea47e693e8D51d5918f7614D6F5064CE90AdD527,1676285375
Token453276,Action461971,USED_BY,0xea47e693e8D51d5918f7614D6F5064CE90AdD527,1676555195
Token453276,Action461971,USED_BY,0xB63860B65Bbe8995E104036394Ede3B95E29B394,1676504075
Token456048,Action461971,USED_BY,0xe6080c5F2ccCc4923f8079FbA2828Be848d8901e,1675016087
Token456048,Action461971,USED_BY,0x8768EA1eb535D5379eB6e21204FBcdb8D15CaB68,1676687015
Token451366,Action458802,USED_BY,0x331FBEaBe4c887E3dbc5baE0673537377319f628,1673769731
Token451128,Action458802,USED_BY,0x331FBEaBe4c887E3dbc5baE0673537377319f628,1673769731
Token450825,Action458802,USED_BY,0x331FBEaBe4c887E3dbc5baE0673537377319f628,1673769731
Token451128,Action458150,USED_BY,0x331FBEaBe4c887E3dbc5baE0673537377319f628,1673769731
Token451128,Action458132,USED_BY,0x331FBEaBe4c887E3dbc5baE0673537377319f628,1673769731
Token451128,Action458129,USED_BY,0x331FBEaBe4c887E3dbc5baE0673537377319f628,1673770619
Token451128,Action458592,USED_BY,0x331FBEaBe4c887E3dbc5baE0673537377319f628,1673770619
Token451128,Action458119,USED_BY,0x331FBEaBe4c887E3dbc5baE0673537377319f628,1673771267
Token451128,Action458150,USED_BY,0x331FBEaBe4c887E3dbc5baE0673537377319f628,1673771267
Token451128,Action458132,USED_BY,0x331FBEaBe4c887E3dbc5baE0673537377319f628,1673771267
Token451128,Action458119,USED_BY,0x331FBEaBe4c887E3dbc5baE0673537377319f628,1673771927
Token451128,Action458126,USED_BY,0x331FBEaBe4c887E3dbc5baE0673537377319f628,1673771927
Token451128,Action458129,USED_BY,0x331FBEaBe4c887E3dbc5baE0673537377319f628,1673771927
Token451128,Action458121,USED_BY,0x331FBEaBe4c887E3dbc5baE0673537377319f628,1673771927
Token451128,Action458119,USED_BY,0x331FBEaBe4c887E3dbc5baE0673537377319f628,1673771939
Token451128,Action458186,USED_BY,0x331FBEaBe4c887E3dbc5baE0673537377319f628,1673771939
Token451128,Action458121,USED_BY,0x331FBEaBe4c887E3dbc5baE0673537377319f628,1673771939
Token451128,Action458119,USED_BY,0x331FBEaBe4c887E3dbc5baE0673537377319f628,1673772599
Token451128,Action458126,USED_BY,0x331FBEaBe4c887E3dbc5baE0673537377319f628,1673772599
Token451128,Action458129,USED_BY,0x331FBEaBe4c887E3dbc5baE0673537377319f628,1673772599
Token451128,Action458121,USED_BY,0x331FBEaBe4c887E3dbc5baE0673537377319f628,1673772599
Token454425,Action458802,USED_BY,0x331FBEaBe4c887E3dbc5baE0673537377319f628,1673773943
Token451128,Action458802,USED_BY,0x331FBEaBe4c887E3dbc5baE0673537377319f628,1673773943
Token450825,Action458802,USED_BY,0x331FBEaBe4c887E3dbc5baE0673537377319f628,1673773943
Token451128,Action458150,USED_BY,0x331FBEaBe4c887E3dbc5baE0673537377319f628,1673773943
Token451128,Action458132,USED_BY,0x331FBEaBe4c887E3dbc5baE0673537377319f628,1673773943
Token451128,Action458119,USED_BY,0x331FBEaBe4c887E3dbc5baE0673537377319f628,1673842751
Token451128,Action458126,USED_BY,0x331FBEaBe4c887E3dbc5baE0673537377319f628,1673842751
Token451128,Action458129,USED_BY,0x331FBEaBe4c887E3dbc5baE0673537377319f628,1673842751
Token451128,Action458121,USED_BY,0x331FBEaBe4c887E3dbc5baE0673537377319f628,1673842751
