id:ID(User),address,:LABEL
User0,0xF96Adc5055ad4Bf0818edaEfd13C6a6d88021754,User
User1,0x7e094e7a713d545822Ecf8A02ADdcb51Dd500eB1,User
User2,0xe04d779b643DF2e4015450DB71E77a1cBFFf6817,User
User3,0x8eB0b86Af71Ac159D8E376192D8BB6a731779206,User
User4,0xe19825e5E4804CE447Cc695971b92603137C614f,User
User5,0x6B3f825085438625749eE4dF91cC683c107658DE,User
User6,0x2E4548FbBE0a308176eC263E6AeD5dCECdA7B460,User
User7,0xF2B91b26F0380C526144580CddA7a316E8223daD,User
User8,0x26A844968A2Cc0a204f4a59c2944109587DF6fA7,User
User9,0xBbe0252Bc2Ae7508549805FeD9443C3F1CEfC235,User
User10,0x24eb6e9356b096cFF22414d5413bEA4111E5f171,User
User11,0xddd9E74703eE3dFA959c94B2e591Ed9349939a32,User
User12,0xAFe2ddF627A75465dE8ae39c327Bb0691be09B65,User
User13,0xCde4DF56Cc96EAF90d5246D0E3c27B0c1174cc15,User
User14,0x6C20f11FbABb600866708137C566a8870124db72,User
User15,0xc725c014BCc978e1d15aB76aaE7DDd03BbB99681,User
User16,0x0d64113b7e1a6c0BFfDb46095547815b22B969aF,User
User17,0xB70Cf81f15658DfB34df48b2f6E48e58d7015034,User
User18,0xCb96161039F0438A606c6172516B31001b377EF4,User
User19,0xa4711AEdCBA8527e7F00C22bA7934420A8dC41d5,User
User20,0x05f51de33bD21abD4172634eDDC78c8884212033,User
User21,0x68894A7e354B6B184d62aEc8Cb48f05202e5E4c2,User
User23,0x7F6dFd48E5585A0984A7D4f3eF3966dD4c6bD849,User
User24,0x1878a187b0046feee03433C01c15fd77ACf475D3,User
User25,0x1eBf52Df3Beb21E22A84DcD28FB35453348fE896,User
User26,0x8b65FF74d2f1d9b31D647c7719895e50DeeEda69,User
User27,0x8520d229f90993032973f6cB6bF83562FAcAb15E,User
User28,0x0b6744f0f15E6254406c6419182d57A22DbBc788,User
User29,0xd44ADb373f6aa592Edd86c8B20cd393672B9B55F,User
User30,0x1ACd7c5E5f07d151dBde900FfB1c02492034A730,User
User31,0x190f6e6E25e2cDc448894372e29B9a4CCE92F793,User
User32,0x71Dcfc8A058B78D32fDB2F4Aa33f662EB5374AFF,User
User33,0x5aB37B6a89cDa52524936C6AD64e2474D3E5452D,User
User34,0x496D94e31776122d1aBF412E6a1fdBFe92C31b17,User
User35,0x3e0537982aa8ae8253ff136C898A04F5e346Ba5B,User
User36,0xea47e693e8D51d5918f7614D6F5064CE90AdD527,User
User38,0x2b24337A5ab26E66c194702D43c0d88fEBba80D8,User
User39,0xB63860B65Bbe8995E104036394Ede3B95E29B394,User
User40,0x0b33d609043fD4a99f656993884D6867BeAE77E7,User
User41,0x3Ad0452bED4C54F1f8dfef82bA64a03F22cBF271,User
User42,0x6D3eb30103439c49eD2355369DaC1D7fc54244EA,User
User43,0x951802e544Ed6a277874B45A61FfCC668c0e80A0,User
User45,0xe6080c5F2ccCc4923f8079FbA2828Be848d8901e,User
User46,0x8768EA1eb535D5379eB6e21204FBcdb8D15CaB68,User
User47,0xFb3A25be6eCB88A1Db250798676FF16169A38D06,User
User48,0xF8f961B0364261a258Ae1ceD3F9C93381bab4ADE,User
User49,0xCdE7745B6B31bCD0a4374D8047e4B8Dff90F1D86,User
User50,0x331FBEaBe4c887E3dbc5baE0673537377319f628,User
User51,0xa777cf52F7423Ca76582089e6705EC5608F8360C,User
User52,0xD94fb9394DBF776A292631a537CD2D80b7Be9481,User
